-- phpMyAdmin SQL Dump
-- version 3.5.8.1
-- http://www.phpmyadmin.net
--
-- Host: 127.0.0.1
-- Generation Time: Feb 25, 2015 at 03:32 AM
-- Server version: 5.6.11-log
-- PHP Version: 5.4.14

SET SQL_MODE="NO_AUTO_VALUE_ON_ZERO";
SET time_zone = "+00:00";


/*!40101 SET @OLD_CHARACTER_SET_CLIENT=@@CHARACTER_SET_CLIENT */;
/*!40101 SET @OLD_CHARACTER_SET_RESULTS=@@CHARACTER_SET_RESULTS */;
/*!40101 SET @OLD_COLLATION_CONNECTION=@@COLLATION_CONNECTION */;
/*!40101 SET NAMES utf8 */;

--
-- Database: `islamonline`
--

-- --------------------------------------------------------

--
-- Table structure for table `admin`
--

CREATE TABLE IF NOT EXISTS `admin` (
  `id` int(11) NOT NULL AUTO_INCREMENT,
  `first_name` varchar(100) NOT NULL,
  `last_name` varchar(100) NOT NULL,
  `phone_no` varchar(100) NOT NULL,
  `email` varchar(100) NOT NULL,
  `skype_id` varchar(100) NOT NULL,
  `username` varchar(100) NOT NULL,
  `password` varchar(500) CHARACTER SET latin1 NOT NULL,
  `age` int(11) NOT NULL,
  `country` varchar(100) NOT NULL,
  `city` varchar(100) NOT NULL,
  `gender` tinyint(1) NOT NULL,
  `image` varchar(100) NOT NULL,
  `notes` text NOT NULL,
  PRIMARY KEY (`id`),
  UNIQUE KEY `email` (`email`,`username`)
) ENGINE=InnoDB  DEFAULT CHARSET=utf8 AUTO_INCREMENT=3 ;

--
-- Dumping data for table `admin`
--

INSERT INTO `admin` (`id`, `first_name`, `last_name`, `phone_no`, `email`, `skype_id`, `username`, `password`, `age`, `country`, `city`, `gender`, `image`, `notes`) VALUES
(2, 'Mohamed', 'SamirElAdmin', '0111282860', 'mhmdsamir92@gmail.com', 'Egypt', 'mohamedsamir', '$2a$13$mUurEZTQbWCGcZ/hdMPbveAW3RxGe9LFIJHynFrPgcb8rM9Qx9.AO', 24, 'egypt', 'CAIRO', 0, '20150127000117.jpg', 'Men el nahrda mafesh admin ... ana el admin ... h3h3');

-- --------------------------------------------------------

--
-- Table structure for table `admin_time_slot`
--

CREATE TABLE IF NOT EXISTS `admin_time_slot` (
  `admin_id` int(11) NOT NULL,
  `day` int(1) NOT NULL,
  `from` time NOT NULL,
  `to` time NOT NULL,
  KEY `admin_id` (`admin_id`)
) ENGINE=InnoDB DEFAULT CHARSET=latin1;

-- --------------------------------------------------------

--
-- Table structure for table `currency`
--

CREATE TABLE IF NOT EXISTS `currency` (
  `id` int(11) NOT NULL AUTO_INCREMENT,
  `name` varchar(100) NOT NULL,
  `sign` varchar(100) NOT NULL,
  PRIMARY KEY (`id`),
  UNIQUE KEY `name` (`name`,`sign`)
) ENGINE=InnoDB DEFAULT CHARSET=latin1 AUTO_INCREMENT=1 ;

-- --------------------------------------------------------

--
-- Table structure for table `lesson`
--

CREATE TABLE IF NOT EXISTS `lesson` (
  `id` int(11) NOT NULL AUTO_INCREMENT,
  `student_id` int(11) NOT NULL,
  `teacher_id` int(11) NOT NULL,
  `expected_start_time` timestamp NOT NULL DEFAULT CURRENT_TIMESTAMP ON UPDATE CURRENT_TIMESTAMP,
  `expected_end_time` timestamp NOT NULL DEFAULT '0000-00-00 00:00:00',
  `actual_start_time` timestamp NULL DEFAULT '0000-00-00 00:00:00',
  `actual_end_time` timestamp NULL DEFAULT '0000-00-00 00:00:00',
  `cost` double DEFAULT NULL,
  `currency_id` int(11) NOT NULL,
  `actual_start_ayah` int(3) DEFAULT NULL,
  `actual_end_ayah` int(3) DEFAULT NULL,
  `actual_start_surah` int(3) DEFAULT NULL,
  `actual_end_surah` int(3) DEFAULT NULL,
  `front_revision_start_ayah` int(3) DEFAULT NULL,
  `front_revision_end_ayah` int(3) DEFAULT NULL,
  `front_revision_start_surah` int(3) DEFAULT NULL,
  `front_revision_end_surah` int(3) DEFAULT NULL,
  `back_revision_start_ayah` int(3) DEFAULT NULL,
  `back_revision_end_ayah` int(3) DEFAULT NULL,
  `back_revision_start_surah` int(3) DEFAULT NULL,
  `back_revision_end_surah` int(3) DEFAULT NULL,
  `grade` double DEFAULT NULL,
  `notes` text,
  PRIMARY KEY (`id`),
  KEY `teacher_reference` (`teacher_id`),
  KEY `student_reference` (`student_id`)
) ENGINE=InnoDB  DEFAULT CHARSET=utf8 AUTO_INCREMENT=472 ;

--
-- Dumping data for table `lesson`
--

INSERT INTO `lesson` (`id`, `student_id`, `teacher_id`, `expected_start_time`, `expected_end_time`, `actual_start_time`, `actual_end_time`, `cost`, `currency_id`, `actual_start_ayah`, `actual_end_ayah`, `actual_start_surah`, `actual_end_surah`, `front_revision_start_ayah`, `front_revision_end_ayah`, `front_revision_start_surah`, `front_revision_end_surah`, `back_revision_start_ayah`, `back_revision_end_ayah`, `back_revision_start_surah`, `back_revision_end_surah`, `grade`, `notes`) VALUES
(1, 13, 1, '2015-02-16 16:08:00', '2015-02-16 16:08:00', '0000-00-00 00:00:00', '0000-00-00 00:00:00', 22, 0, NULL, NULL, NULL, NULL, NULL, NULL, NULL, NULL, NULL, NULL, NULL, NULL, NULL, NULL),
(2, 13, 1, '2015-02-23 16:08:00', '2015-02-23 16:08:00', '0000-00-00 00:00:00', '0000-00-00 00:00:00', 22, 0, NULL, NULL, NULL, NULL, NULL, NULL, NULL, NULL, NULL, NULL, NULL, NULL, NULL, NULL),
(3, 13, 1, '2015-03-02 16:08:00', '2015-03-02 16:08:00', '0000-00-00 00:00:00', '0000-00-00 00:00:00', 22, 0, NULL, NULL, NULL, NULL, NULL, NULL, NULL, NULL, NULL, NULL, NULL, NULL, NULL, NULL),
(4, 13, 1, '2015-03-09 16:08:00', '2015-03-09 16:08:00', '0000-00-00 00:00:00', '0000-00-00 00:00:00', 22, 0, NULL, NULL, NULL, NULL, NULL, NULL, NULL, NULL, NULL, NULL, NULL, NULL, NULL, NULL),
(5, 13, 1, '2015-03-16 16:08:00', '2015-03-16 16:08:00', '0000-00-00 00:00:00', '0000-00-00 00:00:00', 22, 0, NULL, NULL, NULL, NULL, NULL, NULL, NULL, NULL, NULL, NULL, NULL, NULL, NULL, NULL),
(6, 13, 1, '2015-03-23 16:08:00', '2015-03-23 16:08:00', '0000-00-00 00:00:00', '0000-00-00 00:00:00', 22, 0, NULL, NULL, NULL, NULL, NULL, NULL, NULL, NULL, NULL, NULL, NULL, NULL, NULL, NULL),
(7, 13, 1, '2015-03-30 16:08:00', '2015-03-30 16:08:00', '0000-00-00 00:00:00', '0000-00-00 00:00:00', 22, 0, NULL, NULL, NULL, NULL, NULL, NULL, NULL, NULL, NULL, NULL, NULL, NULL, NULL, NULL),
(8, 13, 1, '2015-04-06 16:08:00', '2015-04-06 16:08:00', '0000-00-00 00:00:00', '0000-00-00 00:00:00', 22, 0, NULL, NULL, NULL, NULL, NULL, NULL, NULL, NULL, NULL, NULL, NULL, NULL, NULL, NULL),
(9, 13, 1, '2015-04-13 16:08:00', '2015-04-13 16:08:00', '0000-00-00 00:00:00', '0000-00-00 00:00:00', 22, 0, NULL, NULL, NULL, NULL, NULL, NULL, NULL, NULL, NULL, NULL, NULL, NULL, NULL, NULL),
(10, 13, 1, '2015-04-20 16:08:00', '2015-04-20 16:08:00', '0000-00-00 00:00:00', '0000-00-00 00:00:00', 22, 0, NULL, NULL, NULL, NULL, NULL, NULL, NULL, NULL, NULL, NULL, NULL, NULL, NULL, NULL),
(11, 13, 1, '2015-04-27 16:08:00', '2015-04-27 16:08:00', '0000-00-00 00:00:00', '0000-00-00 00:00:00', 22, 0, NULL, NULL, NULL, NULL, NULL, NULL, NULL, NULL, NULL, NULL, NULL, NULL, NULL, NULL),
(12, 13, 1, '2015-05-04 16:08:00', '2015-05-04 16:08:00', '0000-00-00 00:00:00', '0000-00-00 00:00:00', 22, 0, NULL, NULL, NULL, NULL, NULL, NULL, NULL, NULL, NULL, NULL, NULL, NULL, NULL, NULL),
(13, 13, 1, '2015-05-11 16:08:00', '2015-05-11 16:08:00', '0000-00-00 00:00:00', '0000-00-00 00:00:00', 22, 0, NULL, NULL, NULL, NULL, NULL, NULL, NULL, NULL, NULL, NULL, NULL, NULL, NULL, NULL),
(14, 13, 1, '2015-05-18 16:08:00', '2015-05-18 16:08:00', '0000-00-00 00:00:00', '0000-00-00 00:00:00', 22, 0, NULL, NULL, NULL, NULL, NULL, NULL, NULL, NULL, NULL, NULL, NULL, NULL, NULL, NULL),
(15, 13, 1, '2015-05-25 16:08:00', '2015-05-25 16:08:00', '0000-00-00 00:00:00', '0000-00-00 00:00:00', 22, 0, NULL, NULL, NULL, NULL, NULL, NULL, NULL, NULL, NULL, NULL, NULL, NULL, NULL, NULL),
(16, 13, 1, '2015-06-01 16:08:00', '2015-06-01 16:08:00', '0000-00-00 00:00:00', '0000-00-00 00:00:00', 22, 0, NULL, NULL, NULL, NULL, NULL, NULL, NULL, NULL, NULL, NULL, NULL, NULL, NULL, NULL),
(17, 13, 1, '2015-06-08 16:08:00', '2015-06-08 16:08:00', '0000-00-00 00:00:00', '0000-00-00 00:00:00', 22, 0, NULL, NULL, NULL, NULL, NULL, NULL, NULL, NULL, NULL, NULL, NULL, NULL, NULL, NULL),
(18, 13, 1, '2015-06-15 16:08:00', '2015-06-15 16:08:00', '0000-00-00 00:00:00', '0000-00-00 00:00:00', 22, 0, NULL, NULL, NULL, NULL, NULL, NULL, NULL, NULL, NULL, NULL, NULL, NULL, NULL, NULL),
(19, 13, 1, '2015-06-22 16:08:00', '2015-06-22 16:08:00', '0000-00-00 00:00:00', '0000-00-00 00:00:00', 22, 0, NULL, NULL, NULL, NULL, NULL, NULL, NULL, NULL, NULL, NULL, NULL, NULL, NULL, NULL),
(20, 13, 1, '2015-06-29 16:08:00', '2015-06-29 16:08:00', '0000-00-00 00:00:00', '0000-00-00 00:00:00', 22, 0, NULL, NULL, NULL, NULL, NULL, NULL, NULL, NULL, NULL, NULL, NULL, NULL, NULL, NULL),
(21, 13, 1, '2015-07-06 16:08:00', '2015-07-06 16:08:00', '0000-00-00 00:00:00', '0000-00-00 00:00:00', 22, 0, NULL, NULL, NULL, NULL, NULL, NULL, NULL, NULL, NULL, NULL, NULL, NULL, NULL, NULL),
(22, 13, 1, '2015-07-13 16:08:00', '2015-07-13 16:08:00', '0000-00-00 00:00:00', '0000-00-00 00:00:00', 22, 0, NULL, NULL, NULL, NULL, NULL, NULL, NULL, NULL, NULL, NULL, NULL, NULL, NULL, NULL),
(23, 13, 1, '2015-07-20 16:08:00', '2015-07-20 16:08:00', '0000-00-00 00:00:00', '0000-00-00 00:00:00', 22, 0, NULL, NULL, NULL, NULL, NULL, NULL, NULL, NULL, NULL, NULL, NULL, NULL, NULL, NULL),
(24, 13, 1, '2015-07-27 16:08:00', '2015-07-27 16:08:00', '0000-00-00 00:00:00', '0000-00-00 00:00:00', 22, 0, NULL, NULL, NULL, NULL, NULL, NULL, NULL, NULL, NULL, NULL, NULL, NULL, NULL, NULL),
(25, 13, 1, '2015-08-03 16:08:00', '2015-08-03 16:08:00', '0000-00-00 00:00:00', '0000-00-00 00:00:00', 22, 0, NULL, NULL, NULL, NULL, NULL, NULL, NULL, NULL, NULL, NULL, NULL, NULL, NULL, NULL),
(26, 13, 1, '2015-08-10 16:08:00', '2015-08-10 16:08:00', '0000-00-00 00:00:00', '0000-00-00 00:00:00', 22, 0, NULL, NULL, NULL, NULL, NULL, NULL, NULL, NULL, NULL, NULL, NULL, NULL, NULL, NULL),
(27, 13, 1, '2015-08-17 16:08:00', '2015-08-17 16:08:00', '0000-00-00 00:00:00', '0000-00-00 00:00:00', 22, 0, NULL, NULL, NULL, NULL, NULL, NULL, NULL, NULL, NULL, NULL, NULL, NULL, NULL, NULL),
(28, 13, 1, '2015-08-24 16:08:00', '2015-08-24 16:08:00', '0000-00-00 00:00:00', '0000-00-00 00:00:00', 22, 0, NULL, NULL, NULL, NULL, NULL, NULL, NULL, NULL, NULL, NULL, NULL, NULL, NULL, NULL),
(29, 13, 1, '2015-08-31 16:08:00', '2015-08-31 16:08:00', '0000-00-00 00:00:00', '0000-00-00 00:00:00', 22, 0, NULL, NULL, NULL, NULL, NULL, NULL, NULL, NULL, NULL, NULL, NULL, NULL, NULL, NULL),
(30, 13, 1, '2015-09-07 16:08:00', '2015-09-07 16:08:00', '0000-00-00 00:00:00', '0000-00-00 00:00:00', 22, 0, NULL, NULL, NULL, NULL, NULL, NULL, NULL, NULL, NULL, NULL, NULL, NULL, NULL, NULL),
(31, 13, 1, '2015-09-14 16:08:00', '2015-09-14 16:08:00', '0000-00-00 00:00:00', '0000-00-00 00:00:00', 22, 0, NULL, NULL, NULL, NULL, NULL, NULL, NULL, NULL, NULL, NULL, NULL, NULL, NULL, NULL),
(32, 13, 1, '2015-09-21 16:08:00', '2015-09-21 16:08:00', '0000-00-00 00:00:00', '0000-00-00 00:00:00', 22, 0, NULL, NULL, NULL, NULL, NULL, NULL, NULL, NULL, NULL, NULL, NULL, NULL, NULL, NULL),
(33, 13, 1, '2015-09-28 16:08:00', '2015-09-28 16:08:00', '0000-00-00 00:00:00', '0000-00-00 00:00:00', 22, 0, NULL, NULL, NULL, NULL, NULL, NULL, NULL, NULL, NULL, NULL, NULL, NULL, NULL, NULL),
(34, 13, 1, '2015-10-05 16:08:00', '2015-10-05 16:08:00', '0000-00-00 00:00:00', '0000-00-00 00:00:00', 22, 0, NULL, NULL, NULL, NULL, NULL, NULL, NULL, NULL, NULL, NULL, NULL, NULL, NULL, NULL),
(35, 13, 1, '2015-10-12 16:08:00', '2015-10-12 16:08:00', '0000-00-00 00:00:00', '0000-00-00 00:00:00', 22, 0, NULL, NULL, NULL, NULL, NULL, NULL, NULL, NULL, NULL, NULL, NULL, NULL, NULL, NULL),
(36, 13, 1, '2015-10-19 16:08:00', '2015-10-19 16:08:00', '0000-00-00 00:00:00', '0000-00-00 00:00:00', 22, 0, NULL, NULL, NULL, NULL, NULL, NULL, NULL, NULL, NULL, NULL, NULL, NULL, NULL, NULL),
(37, 13, 1, '2015-10-26 16:08:00', '2015-10-26 16:08:00', '0000-00-00 00:00:00', '0000-00-00 00:00:00', 22, 0, NULL, NULL, NULL, NULL, NULL, NULL, NULL, NULL, NULL, NULL, NULL, NULL, NULL, NULL),
(38, 13, 1, '2015-11-02 16:08:00', '2015-11-02 16:08:00', '0000-00-00 00:00:00', '0000-00-00 00:00:00', 22, 0, NULL, NULL, NULL, NULL, NULL, NULL, NULL, NULL, NULL, NULL, NULL, NULL, NULL, NULL),
(39, 13, 1, '2015-11-09 16:08:00', '2015-11-09 16:08:00', '0000-00-00 00:00:00', '0000-00-00 00:00:00', 22, 0, NULL, NULL, NULL, NULL, NULL, NULL, NULL, NULL, NULL, NULL, NULL, NULL, NULL, NULL),
(40, 13, 1, '2015-11-16 16:08:00', '2015-11-16 16:08:00', '0000-00-00 00:00:00', '0000-00-00 00:00:00', 22, 0, NULL, NULL, NULL, NULL, NULL, NULL, NULL, NULL, NULL, NULL, NULL, NULL, NULL, NULL),
(41, 13, 1, '2015-11-23 16:08:00', '2015-11-23 16:08:00', '0000-00-00 00:00:00', '0000-00-00 00:00:00', 22, 0, NULL, NULL, NULL, NULL, NULL, NULL, NULL, NULL, NULL, NULL, NULL, NULL, NULL, NULL),
(42, 13, 1, '2015-11-30 16:08:00', '2015-11-30 16:08:00', '0000-00-00 00:00:00', '0000-00-00 00:00:00', 22, 0, NULL, NULL, NULL, NULL, NULL, NULL, NULL, NULL, NULL, NULL, NULL, NULL, NULL, NULL),
(43, 13, 1, '2015-12-07 16:08:00', '2015-12-07 16:08:00', '0000-00-00 00:00:00', '0000-00-00 00:00:00', 22, 0, NULL, NULL, NULL, NULL, NULL, NULL, NULL, NULL, NULL, NULL, NULL, NULL, NULL, NULL),
(44, 13, 1, '2015-12-14 16:08:00', '2015-12-14 16:08:00', '0000-00-00 00:00:00', '0000-00-00 00:00:00', 22, 0, NULL, NULL, NULL, NULL, NULL, NULL, NULL, NULL, NULL, NULL, NULL, NULL, NULL, NULL),
(45, 13, 1, '2015-12-21 16:08:00', '2015-12-21 16:08:00', '0000-00-00 00:00:00', '0000-00-00 00:00:00', 22, 0, NULL, NULL, NULL, NULL, NULL, NULL, NULL, NULL, NULL, NULL, NULL, NULL, NULL, NULL),
(46, 13, 1, '2015-12-28 16:08:00', '2015-12-28 16:08:00', '0000-00-00 00:00:00', '0000-00-00 00:00:00', 22, 0, NULL, NULL, NULL, NULL, NULL, NULL, NULL, NULL, NULL, NULL, NULL, NULL, NULL, NULL),
(47, 13, 1, '2016-01-04 16:08:00', '2016-01-04 16:08:00', '0000-00-00 00:00:00', '0000-00-00 00:00:00', 22, 0, NULL, NULL, NULL, NULL, NULL, NULL, NULL, NULL, NULL, NULL, NULL, NULL, NULL, NULL),
(48, 13, 1, '2016-01-11 16:08:00', '2016-01-11 16:08:00', '0000-00-00 00:00:00', '0000-00-00 00:00:00', 22, 0, NULL, NULL, NULL, NULL, NULL, NULL, NULL, NULL, NULL, NULL, NULL, NULL, NULL, NULL),
(49, 13, 1, '2016-01-18 16:08:00', '2016-01-18 16:08:00', '0000-00-00 00:00:00', '0000-00-00 00:00:00', 22, 0, NULL, NULL, NULL, NULL, NULL, NULL, NULL, NULL, NULL, NULL, NULL, NULL, NULL, NULL),
(50, 13, 1, '2016-01-25 16:08:00', '2016-01-25 16:08:00', '0000-00-00 00:00:00', '0000-00-00 00:00:00', 22, 0, NULL, NULL, NULL, NULL, NULL, NULL, NULL, NULL, NULL, NULL, NULL, NULL, NULL, NULL),
(51, 13, 1, '2016-02-01 16:08:00', '2016-02-01 16:08:00', '0000-00-00 00:00:00', '0000-00-00 00:00:00', 22, 0, NULL, NULL, NULL, NULL, NULL, NULL, NULL, NULL, NULL, NULL, NULL, NULL, NULL, NULL),
(52, 13, 1, '2016-02-08 16:08:00', '2016-02-08 16:08:00', '0000-00-00 00:00:00', '0000-00-00 00:00:00', 22, 0, NULL, NULL, NULL, NULL, NULL, NULL, NULL, NULL, NULL, NULL, NULL, NULL, NULL, NULL),
(53, 13, 1, '2016-02-15 16:08:00', '2016-02-15 16:08:00', '0000-00-00 00:00:00', '0000-00-00 00:00:00', 22, 0, NULL, NULL, NULL, NULL, NULL, NULL, NULL, NULL, NULL, NULL, NULL, NULL, NULL, NULL),
(54, 13, 1, '2015-02-16 16:08:00', '2015-02-16 16:08:00', '0000-00-00 00:00:00', '0000-00-00 00:00:00', 22, 0, NULL, NULL, NULL, NULL, NULL, NULL, NULL, NULL, NULL, NULL, NULL, NULL, NULL, NULL),
(55, 13, 1, '2015-02-23 16:08:00', '2015-02-23 16:08:00', '0000-00-00 00:00:00', '0000-00-00 00:00:00', 22, 0, NULL, NULL, NULL, NULL, NULL, NULL, NULL, NULL, NULL, NULL, NULL, NULL, NULL, NULL),
(56, 13, 1, '2015-03-02 16:08:00', '2015-03-02 16:08:00', '0000-00-00 00:00:00', '0000-00-00 00:00:00', 22, 0, NULL, NULL, NULL, NULL, NULL, NULL, NULL, NULL, NULL, NULL, NULL, NULL, NULL, NULL),
(57, 13, 1, '2015-03-09 16:08:00', '2015-03-09 16:08:00', '0000-00-00 00:00:00', '0000-00-00 00:00:00', 22, 0, NULL, NULL, NULL, NULL, NULL, NULL, NULL, NULL, NULL, NULL, NULL, NULL, NULL, NULL),
(58, 13, 1, '2015-03-16 16:08:00', '2015-03-16 16:08:00', '0000-00-00 00:00:00', '0000-00-00 00:00:00', 22, 0, NULL, NULL, NULL, NULL, NULL, NULL, NULL, NULL, NULL, NULL, NULL, NULL, NULL, NULL),
(59, 13, 1, '2015-03-23 16:08:00', '2015-03-23 16:08:00', '0000-00-00 00:00:00', '0000-00-00 00:00:00', 22, 0, NULL, NULL, NULL, NULL, NULL, NULL, NULL, NULL, NULL, NULL, NULL, NULL, NULL, NULL),
(60, 13, 1, '2015-03-30 16:08:00', '2015-03-30 16:08:00', '0000-00-00 00:00:00', '0000-00-00 00:00:00', 22, 0, NULL, NULL, NULL, NULL, NULL, NULL, NULL, NULL, NULL, NULL, NULL, NULL, NULL, NULL),
(61, 13, 1, '2015-04-06 16:08:00', '2015-04-06 16:08:00', '0000-00-00 00:00:00', '0000-00-00 00:00:00', 22, 0, NULL, NULL, NULL, NULL, NULL, NULL, NULL, NULL, NULL, NULL, NULL, NULL, NULL, NULL),
(62, 13, 1, '2015-04-13 16:08:00', '2015-04-13 16:08:00', '0000-00-00 00:00:00', '0000-00-00 00:00:00', 22, 0, NULL, NULL, NULL, NULL, NULL, NULL, NULL, NULL, NULL, NULL, NULL, NULL, NULL, NULL),
(63, 13, 1, '2015-04-20 16:08:00', '2015-04-20 16:08:00', '0000-00-00 00:00:00', '0000-00-00 00:00:00', 22, 0, NULL, NULL, NULL, NULL, NULL, NULL, NULL, NULL, NULL, NULL, NULL, NULL, NULL, NULL),
(64, 13, 1, '2015-04-27 16:08:00', '2015-04-27 16:08:00', '0000-00-00 00:00:00', '0000-00-00 00:00:00', 22, 0, NULL, NULL, NULL, NULL, NULL, NULL, NULL, NULL, NULL, NULL, NULL, NULL, NULL, NULL),
(65, 13, 1, '2015-05-04 16:08:00', '2015-05-04 16:08:00', '0000-00-00 00:00:00', '0000-00-00 00:00:00', 22, 0, NULL, NULL, NULL, NULL, NULL, NULL, NULL, NULL, NULL, NULL, NULL, NULL, NULL, NULL),
(66, 13, 1, '2015-05-11 16:08:00', '2015-05-11 16:08:00', '0000-00-00 00:00:00', '0000-00-00 00:00:00', 22, 0, NULL, NULL, NULL, NULL, NULL, NULL, NULL, NULL, NULL, NULL, NULL, NULL, NULL, NULL),
(67, 13, 1, '2015-05-18 16:08:00', '2015-05-18 16:08:00', '0000-00-00 00:00:00', '0000-00-00 00:00:00', 22, 0, NULL, NULL, NULL, NULL, NULL, NULL, NULL, NULL, NULL, NULL, NULL, NULL, NULL, NULL),
(68, 13, 1, '2015-05-25 16:08:00', '2015-05-25 16:08:00', '0000-00-00 00:00:00', '0000-00-00 00:00:00', 22, 0, NULL, NULL, NULL, NULL, NULL, NULL, NULL, NULL, NULL, NULL, NULL, NULL, NULL, NULL),
(69, 13, 1, '2015-06-01 16:08:00', '2015-06-01 16:08:00', '0000-00-00 00:00:00', '0000-00-00 00:00:00', 22, 0, NULL, NULL, NULL, NULL, NULL, NULL, NULL, NULL, NULL, NULL, NULL, NULL, NULL, NULL),
(70, 13, 1, '2015-06-08 16:08:00', '2015-06-08 16:08:00', '0000-00-00 00:00:00', '0000-00-00 00:00:00', 22, 0, NULL, NULL, NULL, NULL, NULL, NULL, NULL, NULL, NULL, NULL, NULL, NULL, NULL, NULL),
(71, 13, 1, '2015-06-15 16:08:00', '2015-06-15 16:08:00', '0000-00-00 00:00:00', '0000-00-00 00:00:00', 22, 0, NULL, NULL, NULL, NULL, NULL, NULL, NULL, NULL, NULL, NULL, NULL, NULL, NULL, NULL),
(72, 13, 1, '2015-06-22 16:08:00', '2015-06-22 16:08:00', '0000-00-00 00:00:00', '0000-00-00 00:00:00', 22, 0, NULL, NULL, NULL, NULL, NULL, NULL, NULL, NULL, NULL, NULL, NULL, NULL, NULL, NULL),
(73, 13, 1, '2015-06-29 16:08:00', '2015-06-29 16:08:00', '0000-00-00 00:00:00', '0000-00-00 00:00:00', 22, 0, NULL, NULL, NULL, NULL, NULL, NULL, NULL, NULL, NULL, NULL, NULL, NULL, NULL, NULL),
(74, 13, 1, '2015-07-06 16:08:00', '2015-07-06 16:08:00', '0000-00-00 00:00:00', '0000-00-00 00:00:00', 22, 0, NULL, NULL, NULL, NULL, NULL, NULL, NULL, NULL, NULL, NULL, NULL, NULL, NULL, NULL),
(75, 13, 1, '2015-07-13 16:08:00', '2015-07-13 16:08:00', '0000-00-00 00:00:00', '0000-00-00 00:00:00', 22, 0, NULL, NULL, NULL, NULL, NULL, NULL, NULL, NULL, NULL, NULL, NULL, NULL, NULL, NULL),
(76, 13, 1, '2015-07-20 16:08:00', '2015-07-20 16:08:00', '0000-00-00 00:00:00', '0000-00-00 00:00:00', 22, 0, NULL, NULL, NULL, NULL, NULL, NULL, NULL, NULL, NULL, NULL, NULL, NULL, NULL, NULL),
(77, 13, 1, '2015-07-27 16:08:00', '2015-07-27 16:08:00', '0000-00-00 00:00:00', '0000-00-00 00:00:00', 22, 0, NULL, NULL, NULL, NULL, NULL, NULL, NULL, NULL, NULL, NULL, NULL, NULL, NULL, NULL),
(78, 13, 1, '2015-08-03 16:08:00', '2015-08-03 16:08:00', '0000-00-00 00:00:00', '0000-00-00 00:00:00', 22, 0, NULL, NULL, NULL, NULL, NULL, NULL, NULL, NULL, NULL, NULL, NULL, NULL, NULL, NULL),
(79, 13, 1, '2015-08-10 16:08:00', '2015-08-10 16:08:00', '0000-00-00 00:00:00', '0000-00-00 00:00:00', 22, 0, NULL, NULL, NULL, NULL, NULL, NULL, NULL, NULL, NULL, NULL, NULL, NULL, NULL, NULL),
(80, 13, 1, '2015-08-17 16:08:00', '2015-08-17 16:08:00', '0000-00-00 00:00:00', '0000-00-00 00:00:00', 22, 0, NULL, NULL, NULL, NULL, NULL, NULL, NULL, NULL, NULL, NULL, NULL, NULL, NULL, NULL),
(81, 13, 1, '2015-08-24 16:08:00', '2015-08-24 16:08:00', '0000-00-00 00:00:00', '0000-00-00 00:00:00', 22, 0, NULL, NULL, NULL, NULL, NULL, NULL, NULL, NULL, NULL, NULL, NULL, NULL, NULL, NULL),
(82, 13, 1, '2015-08-31 16:08:00', '2015-08-31 16:08:00', '0000-00-00 00:00:00', '0000-00-00 00:00:00', 22, 0, NULL, NULL, NULL, NULL, NULL, NULL, NULL, NULL, NULL, NULL, NULL, NULL, NULL, NULL),
(83, 13, 1, '2015-09-07 16:08:00', '2015-09-07 16:08:00', '0000-00-00 00:00:00', '0000-00-00 00:00:00', 22, 0, NULL, NULL, NULL, NULL, NULL, NULL, NULL, NULL, NULL, NULL, NULL, NULL, NULL, NULL),
(84, 13, 1, '2015-09-14 16:08:00', '2015-09-14 16:08:00', '0000-00-00 00:00:00', '0000-00-00 00:00:00', 22, 0, NULL, NULL, NULL, NULL, NULL, NULL, NULL, NULL, NULL, NULL, NULL, NULL, NULL, NULL),
(85, 13, 1, '2015-09-21 16:08:00', '2015-09-21 16:08:00', '0000-00-00 00:00:00', '0000-00-00 00:00:00', 22, 0, NULL, NULL, NULL, NULL, NULL, NULL, NULL, NULL, NULL, NULL, NULL, NULL, NULL, NULL),
(86, 13, 1, '2015-09-28 16:08:00', '2015-09-28 16:08:00', '0000-00-00 00:00:00', '0000-00-00 00:00:00', 22, 0, NULL, NULL, NULL, NULL, NULL, NULL, NULL, NULL, NULL, NULL, NULL, NULL, NULL, NULL),
(87, 13, 1, '2015-10-05 16:08:00', '2015-10-05 16:08:00', '0000-00-00 00:00:00', '0000-00-00 00:00:00', 22, 0, NULL, NULL, NULL, NULL, NULL, NULL, NULL, NULL, NULL, NULL, NULL, NULL, NULL, NULL),
(88, 13, 1, '2015-10-12 16:08:00', '2015-10-12 16:08:00', '0000-00-00 00:00:00', '0000-00-00 00:00:00', 22, 0, NULL, NULL, NULL, NULL, NULL, NULL, NULL, NULL, NULL, NULL, NULL, NULL, NULL, NULL),
(89, 13, 1, '2015-10-19 16:08:00', '2015-10-19 16:08:00', '0000-00-00 00:00:00', '0000-00-00 00:00:00', 22, 0, NULL, NULL, NULL, NULL, NULL, NULL, NULL, NULL, NULL, NULL, NULL, NULL, NULL, NULL),
(90, 13, 1, '2015-10-26 16:08:00', '2015-10-26 16:08:00', '0000-00-00 00:00:00', '0000-00-00 00:00:00', 22, 0, NULL, NULL, NULL, NULL, NULL, NULL, NULL, NULL, NULL, NULL, NULL, NULL, NULL, NULL),
(91, 13, 1, '2015-11-02 16:08:00', '2015-11-02 16:08:00', '0000-00-00 00:00:00', '0000-00-00 00:00:00', 22, 0, NULL, NULL, NULL, NULL, NULL, NULL, NULL, NULL, NULL, NULL, NULL, NULL, NULL, NULL),
(92, 13, 1, '2015-11-09 16:08:00', '2015-11-09 16:08:00', '0000-00-00 00:00:00', '0000-00-00 00:00:00', 22, 0, NULL, NULL, NULL, NULL, NULL, NULL, NULL, NULL, NULL, NULL, NULL, NULL, NULL, NULL),
(93, 13, 1, '2015-11-16 16:08:00', '2015-11-16 16:08:00', '0000-00-00 00:00:00', '0000-00-00 00:00:00', 22, 0, NULL, NULL, NULL, NULL, NULL, NULL, NULL, NULL, NULL, NULL, NULL, NULL, NULL, NULL),
(94, 13, 1, '2015-11-23 16:08:00', '2015-11-23 16:08:00', '0000-00-00 00:00:00', '0000-00-00 00:00:00', 22, 0, NULL, NULL, NULL, NULL, NULL, NULL, NULL, NULL, NULL, NULL, NULL, NULL, NULL, NULL),
(95, 13, 1, '2015-11-30 16:08:00', '2015-11-30 16:08:00', '0000-00-00 00:00:00', '0000-00-00 00:00:00', 22, 0, NULL, NULL, NULL, NULL, NULL, NULL, NULL, NULL, NULL, NULL, NULL, NULL, NULL, NULL),
(96, 13, 1, '2015-12-07 16:08:00', '2015-12-07 16:08:00', '0000-00-00 00:00:00', '0000-00-00 00:00:00', 22, 0, NULL, NULL, NULL, NULL, NULL, NULL, NULL, NULL, NULL, NULL, NULL, NULL, NULL, NULL),
(97, 13, 1, '2015-12-14 16:08:00', '2015-12-14 16:08:00', '0000-00-00 00:00:00', '0000-00-00 00:00:00', 22, 0, NULL, NULL, NULL, NULL, NULL, NULL, NULL, NULL, NULL, NULL, NULL, NULL, NULL, NULL),
(98, 13, 1, '2015-12-21 16:08:00', '2015-12-21 16:08:00', '0000-00-00 00:00:00', '0000-00-00 00:00:00', 22, 0, NULL, NULL, NULL, NULL, NULL, NULL, NULL, NULL, NULL, NULL, NULL, NULL, NULL, NULL),
(99, 13, 1, '2015-12-28 16:08:00', '2015-12-28 16:08:00', '0000-00-00 00:00:00', '0000-00-00 00:00:00', 22, 0, NULL, NULL, NULL, NULL, NULL, NULL, NULL, NULL, NULL, NULL, NULL, NULL, NULL, NULL),
(100, 13, 1, '2016-01-04 16:08:00', '2016-01-04 16:08:00', '0000-00-00 00:00:00', '0000-00-00 00:00:00', 22, 0, NULL, NULL, NULL, NULL, NULL, NULL, NULL, NULL, NULL, NULL, NULL, NULL, NULL, NULL),
(101, 13, 1, '2016-01-11 16:08:00', '2016-01-11 16:08:00', '0000-00-00 00:00:00', '0000-00-00 00:00:00', 22, 0, NULL, NULL, NULL, NULL, NULL, NULL, NULL, NULL, NULL, NULL, NULL, NULL, NULL, NULL),
(102, 13, 1, '2016-01-18 16:08:00', '2016-01-18 16:08:00', '0000-00-00 00:00:00', '0000-00-00 00:00:00', 22, 0, NULL, NULL, NULL, NULL, NULL, NULL, NULL, NULL, NULL, NULL, NULL, NULL, NULL, NULL),
(103, 13, 1, '2016-01-25 16:08:00', '2016-01-25 16:08:00', '0000-00-00 00:00:00', '0000-00-00 00:00:00', 22, 0, NULL, NULL, NULL, NULL, NULL, NULL, NULL, NULL, NULL, NULL, NULL, NULL, NULL, NULL),
(104, 13, 1, '2016-02-01 16:08:00', '2016-02-01 16:08:00', '0000-00-00 00:00:00', '0000-00-00 00:00:00', 22, 0, NULL, NULL, NULL, NULL, NULL, NULL, NULL, NULL, NULL, NULL, NULL, NULL, NULL, NULL),
(105, 13, 1, '2016-02-08 16:08:00', '2016-02-08 16:08:00', '0000-00-00 00:00:00', '0000-00-00 00:00:00', 22, 0, NULL, NULL, NULL, NULL, NULL, NULL, NULL, NULL, NULL, NULL, NULL, NULL, NULL, NULL),
(106, 13, 1, '2016-02-15 16:08:00', '2016-02-15 16:08:00', '0000-00-00 00:00:00', '0000-00-00 00:00:00', 22, 0, NULL, NULL, NULL, NULL, NULL, NULL, NULL, NULL, NULL, NULL, NULL, NULL, NULL, NULL),
(107, 13, 1, '2015-02-21 00:51:00', '2015-02-21 00:51:00', '0000-00-00 00:00:00', '0000-00-00 00:00:00', 22, 0, NULL, NULL, NULL, NULL, NULL, NULL, NULL, NULL, NULL, NULL, NULL, NULL, NULL, NULL),
(108, 13, 1, '2015-02-28 00:51:00', '2015-02-28 00:51:00', '0000-00-00 00:00:00', '0000-00-00 00:00:00', 22, 0, NULL, NULL, NULL, NULL, NULL, NULL, NULL, NULL, NULL, NULL, NULL, NULL, NULL, NULL),
(109, 13, 1, '2015-03-07 00:51:00', '2015-03-07 00:51:00', '0000-00-00 00:00:00', '0000-00-00 00:00:00', 22, 0, NULL, NULL, NULL, NULL, NULL, NULL, NULL, NULL, NULL, NULL, NULL, NULL, NULL, NULL),
(110, 13, 1, '2015-03-14 00:51:00', '2015-03-14 00:51:00', '0000-00-00 00:00:00', '0000-00-00 00:00:00', 22, 0, NULL, NULL, NULL, NULL, NULL, NULL, NULL, NULL, NULL, NULL, NULL, NULL, NULL, NULL),
(111, 13, 1, '2015-03-21 00:51:00', '2015-03-21 00:51:00', '0000-00-00 00:00:00', '0000-00-00 00:00:00', 22, 0, NULL, NULL, NULL, NULL, NULL, NULL, NULL, NULL, NULL, NULL, NULL, NULL, NULL, NULL),
(112, 13, 1, '2015-03-28 00:51:00', '2015-03-28 00:51:00', '0000-00-00 00:00:00', '0000-00-00 00:00:00', 22, 0, NULL, NULL, NULL, NULL, NULL, NULL, NULL, NULL, NULL, NULL, NULL, NULL, NULL, NULL),
(113, 13, 1, '2015-04-04 00:51:00', '2015-04-04 00:51:00', '0000-00-00 00:00:00', '0000-00-00 00:00:00', 22, 0, NULL, NULL, NULL, NULL, NULL, NULL, NULL, NULL, NULL, NULL, NULL, NULL, NULL, NULL),
(114, 13, 1, '2015-04-11 00:51:00', '2015-04-11 00:51:00', '0000-00-00 00:00:00', '0000-00-00 00:00:00', 22, 0, NULL, NULL, NULL, NULL, NULL, NULL, NULL, NULL, NULL, NULL, NULL, NULL, NULL, NULL),
(115, 13, 1, '2015-04-18 00:51:00', '2015-04-18 00:51:00', '0000-00-00 00:00:00', '0000-00-00 00:00:00', 22, 0, NULL, NULL, NULL, NULL, NULL, NULL, NULL, NULL, NULL, NULL, NULL, NULL, NULL, NULL),
(116, 13, 1, '2015-04-25 00:51:00', '2015-04-25 00:51:00', '0000-00-00 00:00:00', '0000-00-00 00:00:00', 22, 0, NULL, NULL, NULL, NULL, NULL, NULL, NULL, NULL, NULL, NULL, NULL, NULL, NULL, NULL),
(117, 13, 1, '2015-05-02 00:51:00', '2015-05-02 00:51:00', '0000-00-00 00:00:00', '0000-00-00 00:00:00', 22, 0, NULL, NULL, NULL, NULL, NULL, NULL, NULL, NULL, NULL, NULL, NULL, NULL, NULL, NULL),
(118, 13, 1, '2015-05-09 00:51:00', '2015-05-09 00:51:00', '0000-00-00 00:00:00', '0000-00-00 00:00:00', 22, 0, NULL, NULL, NULL, NULL, NULL, NULL, NULL, NULL, NULL, NULL, NULL, NULL, NULL, NULL),
(119, 13, 1, '2015-05-16 00:51:00', '2015-05-16 00:51:00', '0000-00-00 00:00:00', '0000-00-00 00:00:00', 22, 0, NULL, NULL, NULL, NULL, NULL, NULL, NULL, NULL, NULL, NULL, NULL, NULL, NULL, NULL),
(120, 13, 1, '2015-05-23 00:51:00', '2015-05-23 00:51:00', '0000-00-00 00:00:00', '0000-00-00 00:00:00', 22, 0, NULL, NULL, NULL, NULL, NULL, NULL, NULL, NULL, NULL, NULL, NULL, NULL, NULL, NULL),
(121, 13, 1, '2015-05-30 00:51:00', '2015-05-30 00:51:00', '0000-00-00 00:00:00', '0000-00-00 00:00:00', 22, 0, NULL, NULL, NULL, NULL, NULL, NULL, NULL, NULL, NULL, NULL, NULL, NULL, NULL, NULL),
(122, 13, 1, '2015-06-06 00:51:00', '2015-06-06 00:51:00', '0000-00-00 00:00:00', '0000-00-00 00:00:00', 22, 0, NULL, NULL, NULL, NULL, NULL, NULL, NULL, NULL, NULL, NULL, NULL, NULL, NULL, NULL),
(123, 13, 1, '2015-06-13 00:51:00', '2015-06-13 00:51:00', '0000-00-00 00:00:00', '0000-00-00 00:00:00', 22, 0, NULL, NULL, NULL, NULL, NULL, NULL, NULL, NULL, NULL, NULL, NULL, NULL, NULL, NULL),
(124, 13, 1, '2015-06-20 00:51:00', '2015-06-20 00:51:00', '0000-00-00 00:00:00', '0000-00-00 00:00:00', 22, 0, NULL, NULL, NULL, NULL, NULL, NULL, NULL, NULL, NULL, NULL, NULL, NULL, NULL, NULL),
(125, 13, 1, '2015-06-27 00:51:00', '2015-06-27 00:51:00', '0000-00-00 00:00:00', '0000-00-00 00:00:00', 22, 0, NULL, NULL, NULL, NULL, NULL, NULL, NULL, NULL, NULL, NULL, NULL, NULL, NULL, NULL),
(126, 13, 1, '2015-07-04 00:51:00', '2015-07-04 00:51:00', '0000-00-00 00:00:00', '0000-00-00 00:00:00', 22, 0, NULL, NULL, NULL, NULL, NULL, NULL, NULL, NULL, NULL, NULL, NULL, NULL, NULL, NULL),
(127, 13, 1, '2015-07-11 00:51:00', '2015-07-11 00:51:00', '0000-00-00 00:00:00', '0000-00-00 00:00:00', 22, 0, NULL, NULL, NULL, NULL, NULL, NULL, NULL, NULL, NULL, NULL, NULL, NULL, NULL, NULL),
(128, 13, 1, '2015-07-18 00:51:00', '2015-07-18 00:51:00', '0000-00-00 00:00:00', '0000-00-00 00:00:00', 22, 0, NULL, NULL, NULL, NULL, NULL, NULL, NULL, NULL, NULL, NULL, NULL, NULL, NULL, NULL),
(129, 13, 1, '2015-07-25 00:51:00', '2015-07-25 00:51:00', '0000-00-00 00:00:00', '0000-00-00 00:00:00', 22, 0, NULL, NULL, NULL, NULL, NULL, NULL, NULL, NULL, NULL, NULL, NULL, NULL, NULL, NULL),
(130, 13, 1, '2015-08-01 00:51:00', '2015-08-01 00:51:00', '0000-00-00 00:00:00', '0000-00-00 00:00:00', 22, 0, NULL, NULL, NULL, NULL, NULL, NULL, NULL, NULL, NULL, NULL, NULL, NULL, NULL, NULL),
(131, 13, 1, '2015-08-08 00:51:00', '2015-08-08 00:51:00', '0000-00-00 00:00:00', '0000-00-00 00:00:00', 22, 0, NULL, NULL, NULL, NULL, NULL, NULL, NULL, NULL, NULL, NULL, NULL, NULL, NULL, NULL),
(132, 13, 1, '2015-08-15 00:51:00', '2015-08-15 00:51:00', '0000-00-00 00:00:00', '0000-00-00 00:00:00', 22, 0, NULL, NULL, NULL, NULL, NULL, NULL, NULL, NULL, NULL, NULL, NULL, NULL, NULL, NULL),
(133, 13, 1, '2015-08-22 00:51:00', '2015-08-22 00:51:00', '0000-00-00 00:00:00', '0000-00-00 00:00:00', 22, 0, NULL, NULL, NULL, NULL, NULL, NULL, NULL, NULL, NULL, NULL, NULL, NULL, NULL, NULL),
(134, 13, 1, '2015-08-29 00:51:00', '2015-08-29 00:51:00', '0000-00-00 00:00:00', '0000-00-00 00:00:00', 22, 0, NULL, NULL, NULL, NULL, NULL, NULL, NULL, NULL, NULL, NULL, NULL, NULL, NULL, NULL),
(135, 13, 1, '2015-09-05 00:51:00', '2015-09-05 00:51:00', '0000-00-00 00:00:00', '0000-00-00 00:00:00', 22, 0, NULL, NULL, NULL, NULL, NULL, NULL, NULL, NULL, NULL, NULL, NULL, NULL, NULL, NULL),
(136, 13, 1, '2015-09-12 00:51:00', '2015-09-12 00:51:00', '0000-00-00 00:00:00', '0000-00-00 00:00:00', 22, 0, NULL, NULL, NULL, NULL, NULL, NULL, NULL, NULL, NULL, NULL, NULL, NULL, NULL, NULL),
(137, 13, 1, '2015-09-19 00:51:00', '2015-09-19 00:51:00', '0000-00-00 00:00:00', '0000-00-00 00:00:00', 22, 0, NULL, NULL, NULL, NULL, NULL, NULL, NULL, NULL, NULL, NULL, NULL, NULL, NULL, NULL),
(138, 13, 1, '2015-09-26 00:51:00', '2015-09-26 00:51:00', '0000-00-00 00:00:00', '0000-00-00 00:00:00', 22, 0, NULL, NULL, NULL, NULL, NULL, NULL, NULL, NULL, NULL, NULL, NULL, NULL, NULL, NULL),
(139, 13, 1, '2015-10-03 00:51:00', '2015-10-03 00:51:00', '0000-00-00 00:00:00', '0000-00-00 00:00:00', 22, 0, NULL, NULL, NULL, NULL, NULL, NULL, NULL, NULL, NULL, NULL, NULL, NULL, NULL, NULL),
(140, 13, 1, '2015-10-10 00:51:00', '2015-10-10 00:51:00', '0000-00-00 00:00:00', '0000-00-00 00:00:00', 22, 0, NULL, NULL, NULL, NULL, NULL, NULL, NULL, NULL, NULL, NULL, NULL, NULL, NULL, NULL),
(141, 13, 1, '2015-10-17 00:51:00', '2015-10-17 00:51:00', '0000-00-00 00:00:00', '0000-00-00 00:00:00', 22, 0, NULL, NULL, NULL, NULL, NULL, NULL, NULL, NULL, NULL, NULL, NULL, NULL, NULL, NULL),
(142, 13, 1, '2015-10-24 00:51:00', '2015-10-24 00:51:00', '0000-00-00 00:00:00', '0000-00-00 00:00:00', 22, 0, NULL, NULL, NULL, NULL, NULL, NULL, NULL, NULL, NULL, NULL, NULL, NULL, NULL, NULL),
(143, 13, 1, '2015-10-31 00:51:00', '2015-10-31 00:51:00', '0000-00-00 00:00:00', '0000-00-00 00:00:00', 22, 0, NULL, NULL, NULL, NULL, NULL, NULL, NULL, NULL, NULL, NULL, NULL, NULL, NULL, NULL),
(144, 13, 1, '2015-11-07 00:51:00', '2015-11-07 00:51:00', '0000-00-00 00:00:00', '0000-00-00 00:00:00', 22, 0, NULL, NULL, NULL, NULL, NULL, NULL, NULL, NULL, NULL, NULL, NULL, NULL, NULL, NULL),
(145, 13, 1, '2015-11-14 00:51:00', '2015-11-14 00:51:00', '0000-00-00 00:00:00', '0000-00-00 00:00:00', 22, 0, NULL, NULL, NULL, NULL, NULL, NULL, NULL, NULL, NULL, NULL, NULL, NULL, NULL, NULL),
(146, 13, 1, '2015-11-21 00:51:00', '2015-11-21 00:51:00', '0000-00-00 00:00:00', '0000-00-00 00:00:00', 22, 0, NULL, NULL, NULL, NULL, NULL, NULL, NULL, NULL, NULL, NULL, NULL, NULL, NULL, NULL),
(147, 13, 1, '2015-11-28 00:51:00', '2015-11-28 00:51:00', '0000-00-00 00:00:00', '0000-00-00 00:00:00', 22, 0, NULL, NULL, NULL, NULL, NULL, NULL, NULL, NULL, NULL, NULL, NULL, NULL, NULL, NULL),
(148, 13, 1, '2015-12-05 00:51:00', '2015-12-05 00:51:00', '0000-00-00 00:00:00', '0000-00-00 00:00:00', 22, 0, NULL, NULL, NULL, NULL, NULL, NULL, NULL, NULL, NULL, NULL, NULL, NULL, NULL, NULL),
(149, 13, 1, '2015-12-12 00:51:00', '2015-12-12 00:51:00', '0000-00-00 00:00:00', '0000-00-00 00:00:00', 22, 0, NULL, NULL, NULL, NULL, NULL, NULL, NULL, NULL, NULL, NULL, NULL, NULL, NULL, NULL),
(150, 13, 1, '2015-12-19 00:51:00', '2015-12-19 00:51:00', '0000-00-00 00:00:00', '0000-00-00 00:00:00', 22, 0, NULL, NULL, NULL, NULL, NULL, NULL, NULL, NULL, NULL, NULL, NULL, NULL, NULL, NULL),
(151, 13, 1, '2015-12-26 00:51:00', '2015-12-26 00:51:00', '0000-00-00 00:00:00', '0000-00-00 00:00:00', 22, 0, NULL, NULL, NULL, NULL, NULL, NULL, NULL, NULL, NULL, NULL, NULL, NULL, NULL, NULL),
(152, 13, 1, '2016-01-02 00:51:00', '2016-01-02 00:51:00', '0000-00-00 00:00:00', '0000-00-00 00:00:00', 22, 0, NULL, NULL, NULL, NULL, NULL, NULL, NULL, NULL, NULL, NULL, NULL, NULL, NULL, NULL),
(153, 13, 1, '2016-01-09 00:51:00', '2016-01-09 00:51:00', '0000-00-00 00:00:00', '0000-00-00 00:00:00', 22, 0, NULL, NULL, NULL, NULL, NULL, NULL, NULL, NULL, NULL, NULL, NULL, NULL, NULL, NULL),
(154, 13, 1, '2016-01-16 00:51:00', '2016-01-16 00:51:00', '0000-00-00 00:00:00', '0000-00-00 00:00:00', 22, 0, NULL, NULL, NULL, NULL, NULL, NULL, NULL, NULL, NULL, NULL, NULL, NULL, NULL, NULL),
(155, 13, 1, '2016-01-23 00:51:00', '2016-01-23 00:51:00', '0000-00-00 00:00:00', '0000-00-00 00:00:00', 22, 0, NULL, NULL, NULL, NULL, NULL, NULL, NULL, NULL, NULL, NULL, NULL, NULL, NULL, NULL),
(156, 13, 1, '2016-01-30 00:51:00', '2016-01-30 00:51:00', '0000-00-00 00:00:00', '0000-00-00 00:00:00', 22, 0, NULL, NULL, NULL, NULL, NULL, NULL, NULL, NULL, NULL, NULL, NULL, NULL, NULL, NULL),
(157, 13, 1, '2016-02-06 00:51:00', '2016-02-06 00:51:00', '0000-00-00 00:00:00', '0000-00-00 00:00:00', 22, 0, NULL, NULL, NULL, NULL, NULL, NULL, NULL, NULL, NULL, NULL, NULL, NULL, NULL, NULL),
(158, 13, 1, '2016-02-13 00:51:00', '2016-02-13 00:51:00', '0000-00-00 00:00:00', '0000-00-00 00:00:00', 22, 0, NULL, NULL, NULL, NULL, NULL, NULL, NULL, NULL, NULL, NULL, NULL, NULL, NULL, NULL),
(159, 21, 1, '2015-03-02 16:08:00', '2015-03-02 16:08:00', '0000-00-00 00:00:00', '0000-00-00 00:00:00', 45, 0, NULL, NULL, NULL, NULL, NULL, NULL, NULL, NULL, NULL, NULL, NULL, NULL, NULL, NULL),
(160, 21, 1, '2015-03-09 16:08:00', '2015-03-09 16:08:00', '0000-00-00 00:00:00', '0000-00-00 00:00:00', 45, 0, NULL, NULL, NULL, NULL, NULL, NULL, NULL, NULL, NULL, NULL, NULL, NULL, NULL, NULL),
(161, 21, 1, '2015-03-16 16:08:00', '2015-03-16 16:08:00', '0000-00-00 00:00:00', '0000-00-00 00:00:00', 45, 0, NULL, NULL, NULL, NULL, NULL, NULL, NULL, NULL, NULL, NULL, NULL, NULL, NULL, NULL),
(162, 21, 1, '2015-03-23 16:08:00', '2015-03-23 16:08:00', '0000-00-00 00:00:00', '0000-00-00 00:00:00', 45, 0, NULL, NULL, NULL, NULL, NULL, NULL, NULL, NULL, NULL, NULL, NULL, NULL, NULL, NULL),
(163, 21, 1, '2015-03-30 16:08:00', '2015-03-30 16:08:00', '0000-00-00 00:00:00', '0000-00-00 00:00:00', 45, 0, NULL, NULL, NULL, NULL, NULL, NULL, NULL, NULL, NULL, NULL, NULL, NULL, NULL, NULL),
(164, 21, 1, '2015-04-06 16:08:00', '2015-04-06 16:08:00', '0000-00-00 00:00:00', '0000-00-00 00:00:00', 45, 0, NULL, NULL, NULL, NULL, NULL, NULL, NULL, NULL, NULL, NULL, NULL, NULL, NULL, NULL),
(165, 21, 1, '2015-04-13 16:08:00', '2015-04-13 16:08:00', '0000-00-00 00:00:00', '0000-00-00 00:00:00', 45, 0, NULL, NULL, NULL, NULL, NULL, NULL, NULL, NULL, NULL, NULL, NULL, NULL, NULL, NULL),
(166, 21, 1, '2015-04-20 16:08:00', '2015-04-20 16:08:00', '0000-00-00 00:00:00', '0000-00-00 00:00:00', 45, 0, NULL, NULL, NULL, NULL, NULL, NULL, NULL, NULL, NULL, NULL, NULL, NULL, NULL, NULL),
(167, 21, 1, '2015-04-27 16:08:00', '2015-04-27 16:08:00', '0000-00-00 00:00:00', '0000-00-00 00:00:00', 45, 0, NULL, NULL, NULL, NULL, NULL, NULL, NULL, NULL, NULL, NULL, NULL, NULL, NULL, NULL),
(168, 21, 1, '2015-05-04 16:08:00', '2015-05-04 16:08:00', '0000-00-00 00:00:00', '0000-00-00 00:00:00', 45, 0, NULL, NULL, NULL, NULL, NULL, NULL, NULL, NULL, NULL, NULL, NULL, NULL, NULL, NULL),
(169, 21, 1, '2015-05-11 16:08:00', '2015-05-11 16:08:00', '0000-00-00 00:00:00', '0000-00-00 00:00:00', 45, 0, NULL, NULL, NULL, NULL, NULL, NULL, NULL, NULL, NULL, NULL, NULL, NULL, NULL, NULL),
(170, 21, 1, '2015-05-18 16:08:00', '2015-05-18 16:08:00', '0000-00-00 00:00:00', '0000-00-00 00:00:00', 45, 0, NULL, NULL, NULL, NULL, NULL, NULL, NULL, NULL, NULL, NULL, NULL, NULL, NULL, NULL),
(171, 21, 1, '2015-05-25 16:08:00', '2015-05-25 16:08:00', '0000-00-00 00:00:00', '0000-00-00 00:00:00', 45, 0, NULL, NULL, NULL, NULL, NULL, NULL, NULL, NULL, NULL, NULL, NULL, NULL, NULL, NULL),
(172, 21, 1, '2015-06-01 16:08:00', '2015-06-01 16:08:00', '0000-00-00 00:00:00', '0000-00-00 00:00:00', 45, 0, NULL, NULL, NULL, NULL, NULL, NULL, NULL, NULL, NULL, NULL, NULL, NULL, NULL, NULL),
(173, 21, 1, '2015-06-08 16:08:00', '2015-06-08 16:08:00', '0000-00-00 00:00:00', '0000-00-00 00:00:00', 45, 0, NULL, NULL, NULL, NULL, NULL, NULL, NULL, NULL, NULL, NULL, NULL, NULL, NULL, NULL),
(174, 21, 1, '2015-06-15 16:08:00', '2015-06-15 16:08:00', '0000-00-00 00:00:00', '0000-00-00 00:00:00', 45, 0, NULL, NULL, NULL, NULL, NULL, NULL, NULL, NULL, NULL, NULL, NULL, NULL, NULL, NULL),
(175, 21, 1, '2015-06-22 16:08:00', '2015-06-22 16:08:00', '0000-00-00 00:00:00', '0000-00-00 00:00:00', 45, 0, NULL, NULL, NULL, NULL, NULL, NULL, NULL, NULL, NULL, NULL, NULL, NULL, NULL, NULL),
(176, 21, 1, '2015-06-29 16:08:00', '2015-06-29 16:08:00', '0000-00-00 00:00:00', '0000-00-00 00:00:00', 45, 0, NULL, NULL, NULL, NULL, NULL, NULL, NULL, NULL, NULL, NULL, NULL, NULL, NULL, NULL),
(177, 21, 1, '2015-07-06 16:08:00', '2015-07-06 16:08:00', '0000-00-00 00:00:00', '0000-00-00 00:00:00', 45, 0, NULL, NULL, NULL, NULL, NULL, NULL, NULL, NULL, NULL, NULL, NULL, NULL, NULL, NULL),
(178, 21, 1, '2015-07-13 16:08:00', '2015-07-13 16:08:00', '0000-00-00 00:00:00', '0000-00-00 00:00:00', 45, 0, NULL, NULL, NULL, NULL, NULL, NULL, NULL, NULL, NULL, NULL, NULL, NULL, NULL, NULL),
(179, 21, 1, '2015-07-20 16:08:00', '2015-07-20 16:08:00', '0000-00-00 00:00:00', '0000-00-00 00:00:00', 45, 0, NULL, NULL, NULL, NULL, NULL, NULL, NULL, NULL, NULL, NULL, NULL, NULL, NULL, NULL),
(180, 21, 1, '2015-07-27 16:08:00', '2015-07-27 16:08:00', '0000-00-00 00:00:00', '0000-00-00 00:00:00', 45, 0, NULL, NULL, NULL, NULL, NULL, NULL, NULL, NULL, NULL, NULL, NULL, NULL, NULL, NULL),
(181, 21, 1, '2015-08-03 16:08:00', '2015-08-03 16:08:00', '0000-00-00 00:00:00', '0000-00-00 00:00:00', 45, 0, NULL, NULL, NULL, NULL, NULL, NULL, NULL, NULL, NULL, NULL, NULL, NULL, NULL, NULL),
(182, 21, 1, '2015-08-10 16:08:00', '2015-08-10 16:08:00', '0000-00-00 00:00:00', '0000-00-00 00:00:00', 45, 0, NULL, NULL, NULL, NULL, NULL, NULL, NULL, NULL, NULL, NULL, NULL, NULL, NULL, NULL),
(183, 21, 1, '2015-08-17 16:08:00', '2015-08-17 16:08:00', '0000-00-00 00:00:00', '0000-00-00 00:00:00', 45, 0, NULL, NULL, NULL, NULL, NULL, NULL, NULL, NULL, NULL, NULL, NULL, NULL, NULL, NULL),
(184, 21, 1, '2015-08-24 16:08:00', '2015-08-24 16:08:00', '0000-00-00 00:00:00', '0000-00-00 00:00:00', 45, 0, NULL, NULL, NULL, NULL, NULL, NULL, NULL, NULL, NULL, NULL, NULL, NULL, NULL, NULL),
(185, 21, 1, '2015-08-31 16:08:00', '2015-08-31 16:08:00', '0000-00-00 00:00:00', '0000-00-00 00:00:00', 45, 0, NULL, NULL, NULL, NULL, NULL, NULL, NULL, NULL, NULL, NULL, NULL, NULL, NULL, NULL),
(186, 21, 1, '2015-09-07 16:08:00', '2015-09-07 16:08:00', '0000-00-00 00:00:00', '0000-00-00 00:00:00', 45, 0, NULL, NULL, NULL, NULL, NULL, NULL, NULL, NULL, NULL, NULL, NULL, NULL, NULL, NULL),
(187, 21, 1, '2015-09-14 16:08:00', '2015-09-14 16:08:00', '0000-00-00 00:00:00', '0000-00-00 00:00:00', 45, 0, NULL, NULL, NULL, NULL, NULL, NULL, NULL, NULL, NULL, NULL, NULL, NULL, NULL, NULL),
(188, 21, 1, '2015-09-21 16:08:00', '2015-09-21 16:08:00', '0000-00-00 00:00:00', '0000-00-00 00:00:00', 45, 0, NULL, NULL, NULL, NULL, NULL, NULL, NULL, NULL, NULL, NULL, NULL, NULL, NULL, NULL),
(189, 21, 1, '2015-09-28 16:08:00', '2015-09-28 16:08:00', '0000-00-00 00:00:00', '0000-00-00 00:00:00', 45, 0, NULL, NULL, NULL, NULL, NULL, NULL, NULL, NULL, NULL, NULL, NULL, NULL, NULL, NULL),
(190, 21, 1, '2015-10-05 16:08:00', '2015-10-05 16:08:00', '0000-00-00 00:00:00', '0000-00-00 00:00:00', 45, 0, NULL, NULL, NULL, NULL, NULL, NULL, NULL, NULL, NULL, NULL, NULL, NULL, NULL, NULL),
(191, 21, 1, '2015-10-12 16:08:00', '2015-10-12 16:08:00', '0000-00-00 00:00:00', '0000-00-00 00:00:00', 45, 0, NULL, NULL, NULL, NULL, NULL, NULL, NULL, NULL, NULL, NULL, NULL, NULL, NULL, NULL),
(192, 21, 1, '2015-10-19 16:08:00', '2015-10-19 16:08:00', '0000-00-00 00:00:00', '0000-00-00 00:00:00', 45, 0, NULL, NULL, NULL, NULL, NULL, NULL, NULL, NULL, NULL, NULL, NULL, NULL, NULL, NULL),
(193, 21, 1, '2015-10-26 16:08:00', '2015-10-26 16:08:00', '0000-00-00 00:00:00', '0000-00-00 00:00:00', 45, 0, NULL, NULL, NULL, NULL, NULL, NULL, NULL, NULL, NULL, NULL, NULL, NULL, NULL, NULL),
(194, 21, 1, '2015-11-02 16:08:00', '2015-11-02 16:08:00', '0000-00-00 00:00:00', '0000-00-00 00:00:00', 45, 0, NULL, NULL, NULL, NULL, NULL, NULL, NULL, NULL, NULL, NULL, NULL, NULL, NULL, NULL),
(195, 21, 1, '2015-11-09 16:08:00', '2015-11-09 16:08:00', '0000-00-00 00:00:00', '0000-00-00 00:00:00', 45, 0, NULL, NULL, NULL, NULL, NULL, NULL, NULL, NULL, NULL, NULL, NULL, NULL, NULL, NULL),
(196, 21, 1, '2015-11-16 16:08:00', '2015-11-16 16:08:00', '0000-00-00 00:00:00', '0000-00-00 00:00:00', 45, 0, NULL, NULL, NULL, NULL, NULL, NULL, NULL, NULL, NULL, NULL, NULL, NULL, NULL, NULL),
(197, 21, 1, '2015-11-23 16:08:00', '2015-11-23 16:08:00', '0000-00-00 00:00:00', '0000-00-00 00:00:00', 45, 0, NULL, NULL, NULL, NULL, NULL, NULL, NULL, NULL, NULL, NULL, NULL, NULL, NULL, NULL),
(198, 21, 1, '2015-11-30 16:08:00', '2015-11-30 16:08:00', '0000-00-00 00:00:00', '0000-00-00 00:00:00', 45, 0, NULL, NULL, NULL, NULL, NULL, NULL, NULL, NULL, NULL, NULL, NULL, NULL, NULL, NULL),
(199, 21, 1, '2015-12-07 16:08:00', '2015-12-07 16:08:00', '0000-00-00 00:00:00', '0000-00-00 00:00:00', 45, 0, NULL, NULL, NULL, NULL, NULL, NULL, NULL, NULL, NULL, NULL, NULL, NULL, NULL, NULL),
(200, 21, 1, '2015-12-14 16:08:00', '2015-12-14 16:08:00', '0000-00-00 00:00:00', '0000-00-00 00:00:00', 45, 0, NULL, NULL, NULL, NULL, NULL, NULL, NULL, NULL, NULL, NULL, NULL, NULL, NULL, NULL),
(201, 21, 1, '2015-12-21 16:08:00', '2015-12-21 16:08:00', '0000-00-00 00:00:00', '0000-00-00 00:00:00', 45, 0, NULL, NULL, NULL, NULL, NULL, NULL, NULL, NULL, NULL, NULL, NULL, NULL, NULL, NULL),
(202, 21, 1, '2015-12-28 16:08:00', '2015-12-28 16:08:00', '0000-00-00 00:00:00', '0000-00-00 00:00:00', 45, 0, NULL, NULL, NULL, NULL, NULL, NULL, NULL, NULL, NULL, NULL, NULL, NULL, NULL, NULL),
(203, 21, 1, '2016-01-04 16:08:00', '2016-01-04 16:08:00', '0000-00-00 00:00:00', '0000-00-00 00:00:00', 45, 0, NULL, NULL, NULL, NULL, NULL, NULL, NULL, NULL, NULL, NULL, NULL, NULL, NULL, NULL),
(204, 21, 1, '2016-01-11 16:08:00', '2016-01-11 16:08:00', '0000-00-00 00:00:00', '0000-00-00 00:00:00', 45, 0, NULL, NULL, NULL, NULL, NULL, NULL, NULL, NULL, NULL, NULL, NULL, NULL, NULL, NULL),
(205, 21, 1, '2016-01-18 16:08:00', '2016-01-18 16:08:00', '0000-00-00 00:00:00', '0000-00-00 00:00:00', 45, 0, NULL, NULL, NULL, NULL, NULL, NULL, NULL, NULL, NULL, NULL, NULL, NULL, NULL, NULL),
(206, 21, 1, '2016-01-25 16:08:00', '2016-01-25 16:08:00', '0000-00-00 00:00:00', '0000-00-00 00:00:00', 45, 0, NULL, NULL, NULL, NULL, NULL, NULL, NULL, NULL, NULL, NULL, NULL, NULL, NULL, NULL),
(207, 21, 1, '2016-02-01 16:08:00', '2016-02-01 16:08:00', '0000-00-00 00:00:00', '0000-00-00 00:00:00', 45, 0, NULL, NULL, NULL, NULL, NULL, NULL, NULL, NULL, NULL, NULL, NULL, NULL, NULL, NULL),
(208, 21, 1, '2016-02-08 16:08:00', '2016-02-08 16:08:00', '0000-00-00 00:00:00', '0000-00-00 00:00:00', 45, 0, NULL, NULL, NULL, NULL, NULL, NULL, NULL, NULL, NULL, NULL, NULL, NULL, NULL, NULL),
(209, 21, 1, '2016-02-15 16:08:00', '2016-02-15 16:08:00', '0000-00-00 00:00:00', '0000-00-00 00:00:00', 45, 0, NULL, NULL, NULL, NULL, NULL, NULL, NULL, NULL, NULL, NULL, NULL, NULL, NULL, NULL),
(210, 21, 1, '2016-02-22 16:08:00', '2016-02-22 16:08:00', '0000-00-00 00:00:00', '0000-00-00 00:00:00', 45, 0, NULL, NULL, NULL, NULL, NULL, NULL, NULL, NULL, NULL, NULL, NULL, NULL, NULL, NULL),
(211, 30, 1, '2015-02-28 10:30:00', '2015-02-28 00:30:00', '0000-00-00 00:00:00', '0000-00-00 00:00:00', NULL, 0, NULL, NULL, NULL, NULL, NULL, NULL, NULL, NULL, NULL, NULL, NULL, NULL, NULL, NULL),
(212, 30, 1, '2015-03-07 10:30:00', '2015-03-07 00:30:00', '0000-00-00 00:00:00', '0000-00-00 00:00:00', NULL, 0, NULL, NULL, NULL, NULL, NULL, NULL, NULL, NULL, NULL, NULL, NULL, NULL, NULL, NULL),
(213, 30, 1, '2015-03-14 10:30:00', '2015-03-14 00:30:00', '0000-00-00 00:00:00', '0000-00-00 00:00:00', NULL, 0, NULL, NULL, NULL, NULL, NULL, NULL, NULL, NULL, NULL, NULL, NULL, NULL, NULL, NULL),
(214, 30, 1, '2015-03-21 10:30:00', '2015-03-21 00:30:00', '0000-00-00 00:00:00', '0000-00-00 00:00:00', NULL, 0, NULL, NULL, NULL, NULL, NULL, NULL, NULL, NULL, NULL, NULL, NULL, NULL, NULL, NULL),
(215, 30, 1, '2015-03-28 10:30:00', '2015-03-28 00:30:00', '0000-00-00 00:00:00', '0000-00-00 00:00:00', NULL, 0, NULL, NULL, NULL, NULL, NULL, NULL, NULL, NULL, NULL, NULL, NULL, NULL, NULL, NULL),
(216, 30, 1, '2015-04-04 10:30:00', '2015-04-04 00:30:00', '0000-00-00 00:00:00', '0000-00-00 00:00:00', NULL, 0, NULL, NULL, NULL, NULL, NULL, NULL, NULL, NULL, NULL, NULL, NULL, NULL, NULL, NULL),
(217, 30, 1, '2015-04-11 10:30:00', '2015-04-11 00:30:00', '0000-00-00 00:00:00', '0000-00-00 00:00:00', NULL, 0, NULL, NULL, NULL, NULL, NULL, NULL, NULL, NULL, NULL, NULL, NULL, NULL, NULL, NULL),
(218, 30, 1, '2015-04-18 10:30:00', '2015-04-18 00:30:00', '0000-00-00 00:00:00', '0000-00-00 00:00:00', NULL, 0, NULL, NULL, NULL, NULL, NULL, NULL, NULL, NULL, NULL, NULL, NULL, NULL, NULL, NULL),
(219, 30, 1, '2015-04-25 10:30:00', '2015-04-25 00:30:00', '0000-00-00 00:00:00', '0000-00-00 00:00:00', NULL, 0, NULL, NULL, NULL, NULL, NULL, NULL, NULL, NULL, NULL, NULL, NULL, NULL, NULL, NULL),
(220, 30, 1, '2015-05-02 10:30:00', '2015-05-02 00:30:00', '0000-00-00 00:00:00', '0000-00-00 00:00:00', NULL, 0, NULL, NULL, NULL, NULL, NULL, NULL, NULL, NULL, NULL, NULL, NULL, NULL, NULL, NULL),
(221, 30, 1, '2015-05-09 10:30:00', '2015-05-09 00:30:00', '0000-00-00 00:00:00', '0000-00-00 00:00:00', NULL, 0, NULL, NULL, NULL, NULL, NULL, NULL, NULL, NULL, NULL, NULL, NULL, NULL, NULL, NULL),
(222, 30, 1, '2015-05-16 10:30:00', '2015-05-16 00:30:00', '0000-00-00 00:00:00', '0000-00-00 00:00:00', NULL, 0, NULL, NULL, NULL, NULL, NULL, NULL, NULL, NULL, NULL, NULL, NULL, NULL, NULL, NULL),
(223, 30, 1, '2015-05-23 10:30:00', '2015-05-23 00:30:00', '0000-00-00 00:00:00', '0000-00-00 00:00:00', NULL, 0, NULL, NULL, NULL, NULL, NULL, NULL, NULL, NULL, NULL, NULL, NULL, NULL, NULL, NULL),
(224, 30, 1, '2015-05-30 10:30:00', '2015-05-30 00:30:00', '0000-00-00 00:00:00', '0000-00-00 00:00:00', NULL, 0, NULL, NULL, NULL, NULL, NULL, NULL, NULL, NULL, NULL, NULL, NULL, NULL, NULL, NULL),
(225, 30, 1, '2015-06-06 10:30:00', '2015-06-06 00:30:00', '0000-00-00 00:00:00', '0000-00-00 00:00:00', NULL, 0, NULL, NULL, NULL, NULL, NULL, NULL, NULL, NULL, NULL, NULL, NULL, NULL, NULL, NULL),
(226, 30, 1, '2015-06-13 10:30:00', '2015-06-13 00:30:00', '0000-00-00 00:00:00', '0000-00-00 00:00:00', NULL, 0, NULL, NULL, NULL, NULL, NULL, NULL, NULL, NULL, NULL, NULL, NULL, NULL, NULL, NULL),
(227, 30, 1, '2015-06-20 10:30:00', '2015-06-20 00:30:00', '0000-00-00 00:00:00', '0000-00-00 00:00:00', NULL, 0, NULL, NULL, NULL, NULL, NULL, NULL, NULL, NULL, NULL, NULL, NULL, NULL, NULL, NULL),
(228, 30, 1, '2015-06-27 10:30:00', '2015-06-27 00:30:00', '0000-00-00 00:00:00', '0000-00-00 00:00:00', NULL, 0, NULL, NULL, NULL, NULL, NULL, NULL, NULL, NULL, NULL, NULL, NULL, NULL, NULL, NULL),
(229, 30, 1, '2015-07-04 10:30:00', '2015-07-04 00:30:00', '0000-00-00 00:00:00', '0000-00-00 00:00:00', NULL, 0, NULL, NULL, NULL, NULL, NULL, NULL, NULL, NULL, NULL, NULL, NULL, NULL, NULL, NULL),
(230, 30, 1, '2015-07-11 10:30:00', '2015-07-11 00:30:00', '0000-00-00 00:00:00', '0000-00-00 00:00:00', NULL, 0, NULL, NULL, NULL, NULL, NULL, NULL, NULL, NULL, NULL, NULL, NULL, NULL, NULL, NULL),
(231, 30, 1, '2015-07-18 10:30:00', '2015-07-18 00:30:00', '0000-00-00 00:00:00', '0000-00-00 00:00:00', NULL, 0, NULL, NULL, NULL, NULL, NULL, NULL, NULL, NULL, NULL, NULL, NULL, NULL, NULL, NULL),
(232, 30, 1, '2015-07-25 10:30:00', '2015-07-25 00:30:00', '0000-00-00 00:00:00', '0000-00-00 00:00:00', NULL, 0, NULL, NULL, NULL, NULL, NULL, NULL, NULL, NULL, NULL, NULL, NULL, NULL, NULL, NULL),
(233, 30, 1, '2015-08-01 10:30:00', '2015-08-01 00:30:00', '0000-00-00 00:00:00', '0000-00-00 00:00:00', NULL, 0, NULL, NULL, NULL, NULL, NULL, NULL, NULL, NULL, NULL, NULL, NULL, NULL, NULL, NULL),
(234, 30, 1, '2015-08-08 10:30:00', '2015-08-08 00:30:00', '0000-00-00 00:00:00', '0000-00-00 00:00:00', NULL, 0, NULL, NULL, NULL, NULL, NULL, NULL, NULL, NULL, NULL, NULL, NULL, NULL, NULL, NULL),
(235, 30, 1, '2015-08-15 10:30:00', '2015-08-15 00:30:00', '0000-00-00 00:00:00', '0000-00-00 00:00:00', NULL, 0, NULL, NULL, NULL, NULL, NULL, NULL, NULL, NULL, NULL, NULL, NULL, NULL, NULL, NULL),
(236, 30, 1, '2015-08-22 10:30:00', '2015-08-22 00:30:00', '0000-00-00 00:00:00', '0000-00-00 00:00:00', NULL, 0, NULL, NULL, NULL, NULL, NULL, NULL, NULL, NULL, NULL, NULL, NULL, NULL, NULL, NULL),
(237, 30, 1, '2015-08-29 10:30:00', '2015-08-29 00:30:00', '0000-00-00 00:00:00', '0000-00-00 00:00:00', NULL, 0, NULL, NULL, NULL, NULL, NULL, NULL, NULL, NULL, NULL, NULL, NULL, NULL, NULL, NULL),
(238, 30, 1, '2015-09-05 10:30:00', '2015-09-05 00:30:00', '0000-00-00 00:00:00', '0000-00-00 00:00:00', NULL, 0, NULL, NULL, NULL, NULL, NULL, NULL, NULL, NULL, NULL, NULL, NULL, NULL, NULL, NULL),
(239, 30, 1, '2015-09-12 10:30:00', '2015-09-12 00:30:00', '0000-00-00 00:00:00', '0000-00-00 00:00:00', NULL, 0, NULL, NULL, NULL, NULL, NULL, NULL, NULL, NULL, NULL, NULL, NULL, NULL, NULL, NULL),
(240, 30, 1, '2015-09-19 10:30:00', '2015-09-19 00:30:00', '0000-00-00 00:00:00', '0000-00-00 00:00:00', NULL, 0, NULL, NULL, NULL, NULL, NULL, NULL, NULL, NULL, NULL, NULL, NULL, NULL, NULL, NULL),
(241, 30, 1, '2015-09-26 10:30:00', '2015-09-26 00:30:00', '0000-00-00 00:00:00', '0000-00-00 00:00:00', NULL, 0, NULL, NULL, NULL, NULL, NULL, NULL, NULL, NULL, NULL, NULL, NULL, NULL, NULL, NULL),
(242, 30, 1, '2015-10-03 10:30:00', '2015-10-03 00:30:00', '0000-00-00 00:00:00', '0000-00-00 00:00:00', NULL, 0, NULL, NULL, NULL, NULL, NULL, NULL, NULL, NULL, NULL, NULL, NULL, NULL, NULL, NULL),
(243, 30, 1, '2015-10-10 10:30:00', '2015-10-10 00:30:00', '0000-00-00 00:00:00', '0000-00-00 00:00:00', NULL, 0, NULL, NULL, NULL, NULL, NULL, NULL, NULL, NULL, NULL, NULL, NULL, NULL, NULL, NULL),
(244, 30, 1, '2015-10-17 10:30:00', '2015-10-17 00:30:00', '0000-00-00 00:00:00', '0000-00-00 00:00:00', NULL, 0, NULL, NULL, NULL, NULL, NULL, NULL, NULL, NULL, NULL, NULL, NULL, NULL, NULL, NULL),
(245, 30, 1, '2015-10-24 10:30:00', '2015-10-24 00:30:00', '0000-00-00 00:00:00', '0000-00-00 00:00:00', NULL, 0, NULL, NULL, NULL, NULL, NULL, NULL, NULL, NULL, NULL, NULL, NULL, NULL, NULL, NULL),
(246, 30, 1, '2015-10-31 10:30:00', '2015-10-31 00:30:00', '0000-00-00 00:00:00', '0000-00-00 00:00:00', NULL, 0, NULL, NULL, NULL, NULL, NULL, NULL, NULL, NULL, NULL, NULL, NULL, NULL, NULL, NULL),
(247, 30, 1, '2015-11-07 10:30:00', '2015-11-07 00:30:00', '0000-00-00 00:00:00', '0000-00-00 00:00:00', NULL, 0, NULL, NULL, NULL, NULL, NULL, NULL, NULL, NULL, NULL, NULL, NULL, NULL, NULL, NULL),
(248, 30, 1, '2015-11-14 10:30:00', '2015-11-14 00:30:00', '0000-00-00 00:00:00', '0000-00-00 00:00:00', NULL, 0, NULL, NULL, NULL, NULL, NULL, NULL, NULL, NULL, NULL, NULL, NULL, NULL, NULL, NULL),
(249, 30, 1, '2015-11-21 10:30:00', '2015-11-21 00:30:00', '0000-00-00 00:00:00', '0000-00-00 00:00:00', NULL, 0, NULL, NULL, NULL, NULL, NULL, NULL, NULL, NULL, NULL, NULL, NULL, NULL, NULL, NULL),
(250, 30, 1, '2015-11-28 10:30:00', '2015-11-28 00:30:00', '0000-00-00 00:00:00', '0000-00-00 00:00:00', NULL, 0, NULL, NULL, NULL, NULL, NULL, NULL, NULL, NULL, NULL, NULL, NULL, NULL, NULL, NULL),
(251, 30, 1, '2015-12-05 10:30:00', '2015-12-05 00:30:00', '0000-00-00 00:00:00', '0000-00-00 00:00:00', NULL, 0, NULL, NULL, NULL, NULL, NULL, NULL, NULL, NULL, NULL, NULL, NULL, NULL, NULL, NULL),
(252, 30, 1, '2015-12-12 10:30:00', '2015-12-12 00:30:00', '0000-00-00 00:00:00', '0000-00-00 00:00:00', NULL, 0, NULL, NULL, NULL, NULL, NULL, NULL, NULL, NULL, NULL, NULL, NULL, NULL, NULL, NULL),
(253, 30, 1, '2015-12-19 10:30:00', '2015-12-19 00:30:00', '0000-00-00 00:00:00', '0000-00-00 00:00:00', NULL, 0, NULL, NULL, NULL, NULL, NULL, NULL, NULL, NULL, NULL, NULL, NULL, NULL, NULL, NULL);
INSERT INTO `lesson` (`id`, `student_id`, `teacher_id`, `expected_start_time`, `expected_end_time`, `actual_start_time`, `actual_end_time`, `cost`, `currency_id`, `actual_start_ayah`, `actual_end_ayah`, `actual_start_surah`, `actual_end_surah`, `front_revision_start_ayah`, `front_revision_end_ayah`, `front_revision_start_surah`, `front_revision_end_surah`, `back_revision_start_ayah`, `back_revision_end_ayah`, `back_revision_start_surah`, `back_revision_end_surah`, `grade`, `notes`) VALUES
(254, 30, 1, '2015-12-26 10:30:00', '2015-12-26 00:30:00', '0000-00-00 00:00:00', '0000-00-00 00:00:00', NULL, 0, NULL, NULL, NULL, NULL, NULL, NULL, NULL, NULL, NULL, NULL, NULL, NULL, NULL, NULL),
(255, 30, 1, '2016-01-02 10:30:00', '2016-01-02 00:30:00', '0000-00-00 00:00:00', '0000-00-00 00:00:00', NULL, 0, NULL, NULL, NULL, NULL, NULL, NULL, NULL, NULL, NULL, NULL, NULL, NULL, NULL, NULL),
(256, 30, 1, '2016-01-09 10:30:00', '2016-01-09 00:30:00', '0000-00-00 00:00:00', '0000-00-00 00:00:00', NULL, 0, NULL, NULL, NULL, NULL, NULL, NULL, NULL, NULL, NULL, NULL, NULL, NULL, NULL, NULL),
(257, 30, 1, '2016-01-16 10:30:00', '2016-01-16 00:30:00', '0000-00-00 00:00:00', '0000-00-00 00:00:00', NULL, 0, NULL, NULL, NULL, NULL, NULL, NULL, NULL, NULL, NULL, NULL, NULL, NULL, NULL, NULL),
(258, 30, 1, '2016-01-23 10:30:00', '2016-01-23 00:30:00', '0000-00-00 00:00:00', '0000-00-00 00:00:00', NULL, 0, NULL, NULL, NULL, NULL, NULL, NULL, NULL, NULL, NULL, NULL, NULL, NULL, NULL, NULL),
(259, 30, 1, '2016-01-30 10:30:00', '2016-01-30 00:30:00', '0000-00-00 00:00:00', '0000-00-00 00:00:00', NULL, 0, NULL, NULL, NULL, NULL, NULL, NULL, NULL, NULL, NULL, NULL, NULL, NULL, NULL, NULL),
(260, 30, 1, '2016-02-06 10:30:00', '2016-02-06 00:30:00', '0000-00-00 00:00:00', '0000-00-00 00:00:00', NULL, 0, NULL, NULL, NULL, NULL, NULL, NULL, NULL, NULL, NULL, NULL, NULL, NULL, NULL, NULL),
(261, 30, 1, '2016-02-13 10:30:00', '2016-02-13 00:30:00', '0000-00-00 00:00:00', '0000-00-00 00:00:00', NULL, 0, NULL, NULL, NULL, NULL, NULL, NULL, NULL, NULL, NULL, NULL, NULL, NULL, NULL, NULL),
(262, 30, 1, '2016-02-20 10:30:00', '2016-02-20 00:30:00', '0000-00-00 00:00:00', '0000-00-00 00:00:00', NULL, 0, NULL, NULL, NULL, NULL, NULL, NULL, NULL, NULL, NULL, NULL, NULL, NULL, NULL, NULL),
(263, 31, 1, '2015-03-03 01:30:00', '2015-03-03 05:30:00', '0000-00-00 00:00:00', '0000-00-00 00:00:00', NULL, 0, NULL, NULL, NULL, NULL, NULL, NULL, NULL, NULL, NULL, NULL, NULL, NULL, NULL, NULL),
(264, 31, 1, '2015-03-10 01:30:00', '2015-03-10 05:30:00', '0000-00-00 00:00:00', '0000-00-00 00:00:00', NULL, 0, NULL, NULL, NULL, NULL, NULL, NULL, NULL, NULL, NULL, NULL, NULL, NULL, NULL, NULL),
(265, 31, 1, '2015-03-17 01:30:00', '2015-03-17 05:30:00', '0000-00-00 00:00:00', '0000-00-00 00:00:00', NULL, 0, NULL, NULL, NULL, NULL, NULL, NULL, NULL, NULL, NULL, NULL, NULL, NULL, NULL, NULL),
(266, 31, 1, '2015-03-24 01:30:00', '2015-03-24 05:30:00', '0000-00-00 00:00:00', '0000-00-00 00:00:00', NULL, 0, NULL, NULL, NULL, NULL, NULL, NULL, NULL, NULL, NULL, NULL, NULL, NULL, NULL, NULL),
(267, 31, 1, '2015-03-31 01:30:00', '2015-03-31 05:30:00', '0000-00-00 00:00:00', '0000-00-00 00:00:00', NULL, 0, NULL, NULL, NULL, NULL, NULL, NULL, NULL, NULL, NULL, NULL, NULL, NULL, NULL, NULL),
(268, 31, 1, '2015-04-07 01:30:00', '2015-04-07 05:30:00', '0000-00-00 00:00:00', '0000-00-00 00:00:00', NULL, 0, NULL, NULL, NULL, NULL, NULL, NULL, NULL, NULL, NULL, NULL, NULL, NULL, NULL, NULL),
(269, 31, 1, '2015-04-14 01:30:00', '2015-04-14 05:30:00', '0000-00-00 00:00:00', '0000-00-00 00:00:00', NULL, 0, NULL, NULL, NULL, NULL, NULL, NULL, NULL, NULL, NULL, NULL, NULL, NULL, NULL, NULL),
(270, 31, 1, '2015-04-21 01:30:00', '2015-04-21 05:30:00', '0000-00-00 00:00:00', '0000-00-00 00:00:00', NULL, 0, NULL, NULL, NULL, NULL, NULL, NULL, NULL, NULL, NULL, NULL, NULL, NULL, NULL, NULL),
(271, 31, 1, '2015-04-28 01:30:00', '2015-04-28 05:30:00', '0000-00-00 00:00:00', '0000-00-00 00:00:00', NULL, 0, NULL, NULL, NULL, NULL, NULL, NULL, NULL, NULL, NULL, NULL, NULL, NULL, NULL, NULL),
(272, 31, 1, '2015-05-05 01:30:00', '2015-05-05 05:30:00', '0000-00-00 00:00:00', '0000-00-00 00:00:00', NULL, 0, NULL, NULL, NULL, NULL, NULL, NULL, NULL, NULL, NULL, NULL, NULL, NULL, NULL, NULL),
(273, 31, 1, '2015-05-12 01:30:00', '2015-05-12 05:30:00', '0000-00-00 00:00:00', '0000-00-00 00:00:00', NULL, 0, NULL, NULL, NULL, NULL, NULL, NULL, NULL, NULL, NULL, NULL, NULL, NULL, NULL, NULL),
(274, 31, 1, '2015-05-19 01:30:00', '2015-05-19 05:30:00', '0000-00-00 00:00:00', '0000-00-00 00:00:00', NULL, 0, NULL, NULL, NULL, NULL, NULL, NULL, NULL, NULL, NULL, NULL, NULL, NULL, NULL, NULL),
(275, 31, 1, '2015-05-26 01:30:00', '2015-05-26 05:30:00', '0000-00-00 00:00:00', '0000-00-00 00:00:00', NULL, 0, NULL, NULL, NULL, NULL, NULL, NULL, NULL, NULL, NULL, NULL, NULL, NULL, NULL, NULL),
(276, 31, 1, '2015-06-02 01:30:00', '2015-06-02 05:30:00', '0000-00-00 00:00:00', '0000-00-00 00:00:00', NULL, 0, NULL, NULL, NULL, NULL, NULL, NULL, NULL, NULL, NULL, NULL, NULL, NULL, NULL, NULL),
(277, 31, 1, '2015-06-09 01:30:00', '2015-06-09 05:30:00', '0000-00-00 00:00:00', '0000-00-00 00:00:00', NULL, 0, NULL, NULL, NULL, NULL, NULL, NULL, NULL, NULL, NULL, NULL, NULL, NULL, NULL, NULL),
(278, 31, 1, '2015-06-16 01:30:00', '2015-06-16 05:30:00', '0000-00-00 00:00:00', '0000-00-00 00:00:00', NULL, 0, NULL, NULL, NULL, NULL, NULL, NULL, NULL, NULL, NULL, NULL, NULL, NULL, NULL, NULL),
(279, 31, 1, '2015-06-23 01:30:00', '2015-06-23 05:30:00', '0000-00-00 00:00:00', '0000-00-00 00:00:00', NULL, 0, NULL, NULL, NULL, NULL, NULL, NULL, NULL, NULL, NULL, NULL, NULL, NULL, NULL, NULL),
(280, 31, 1, '2015-06-30 01:30:00', '2015-06-30 05:30:00', '0000-00-00 00:00:00', '0000-00-00 00:00:00', NULL, 0, NULL, NULL, NULL, NULL, NULL, NULL, NULL, NULL, NULL, NULL, NULL, NULL, NULL, NULL),
(281, 31, 1, '2015-07-07 01:30:00', '2015-07-07 05:30:00', '0000-00-00 00:00:00', '0000-00-00 00:00:00', NULL, 0, NULL, NULL, NULL, NULL, NULL, NULL, NULL, NULL, NULL, NULL, NULL, NULL, NULL, NULL),
(282, 31, 1, '2015-07-14 01:30:00', '2015-07-14 05:30:00', '0000-00-00 00:00:00', '0000-00-00 00:00:00', NULL, 0, NULL, NULL, NULL, NULL, NULL, NULL, NULL, NULL, NULL, NULL, NULL, NULL, NULL, NULL),
(283, 31, 1, '2015-07-21 01:30:00', '2015-07-21 05:30:00', '0000-00-00 00:00:00', '0000-00-00 00:00:00', NULL, 0, NULL, NULL, NULL, NULL, NULL, NULL, NULL, NULL, NULL, NULL, NULL, NULL, NULL, NULL),
(284, 31, 1, '2015-07-28 01:30:00', '2015-07-28 05:30:00', '0000-00-00 00:00:00', '0000-00-00 00:00:00', NULL, 0, NULL, NULL, NULL, NULL, NULL, NULL, NULL, NULL, NULL, NULL, NULL, NULL, NULL, NULL),
(285, 31, 1, '2015-08-04 01:30:00', '2015-08-04 05:30:00', '0000-00-00 00:00:00', '0000-00-00 00:00:00', NULL, 0, NULL, NULL, NULL, NULL, NULL, NULL, NULL, NULL, NULL, NULL, NULL, NULL, NULL, NULL),
(286, 31, 1, '2015-08-11 01:30:00', '2015-08-11 05:30:00', '0000-00-00 00:00:00', '0000-00-00 00:00:00', NULL, 0, NULL, NULL, NULL, NULL, NULL, NULL, NULL, NULL, NULL, NULL, NULL, NULL, NULL, NULL),
(287, 31, 1, '2015-08-18 01:30:00', '2015-08-18 05:30:00', '0000-00-00 00:00:00', '0000-00-00 00:00:00', NULL, 0, NULL, NULL, NULL, NULL, NULL, NULL, NULL, NULL, NULL, NULL, NULL, NULL, NULL, NULL),
(288, 31, 1, '2015-08-25 01:30:00', '2015-08-25 05:30:00', '0000-00-00 00:00:00', '0000-00-00 00:00:00', NULL, 0, NULL, NULL, NULL, NULL, NULL, NULL, NULL, NULL, NULL, NULL, NULL, NULL, NULL, NULL),
(289, 31, 1, '2015-09-01 01:30:00', '2015-09-01 05:30:00', '0000-00-00 00:00:00', '0000-00-00 00:00:00', NULL, 0, NULL, NULL, NULL, NULL, NULL, NULL, NULL, NULL, NULL, NULL, NULL, NULL, NULL, NULL),
(290, 31, 1, '2015-09-08 01:30:00', '2015-09-08 05:30:00', '0000-00-00 00:00:00', '0000-00-00 00:00:00', NULL, 0, NULL, NULL, NULL, NULL, NULL, NULL, NULL, NULL, NULL, NULL, NULL, NULL, NULL, NULL),
(291, 31, 1, '2015-09-15 01:30:00', '2015-09-15 05:30:00', '0000-00-00 00:00:00', '0000-00-00 00:00:00', NULL, 0, NULL, NULL, NULL, NULL, NULL, NULL, NULL, NULL, NULL, NULL, NULL, NULL, NULL, NULL),
(292, 31, 1, '2015-09-22 01:30:00', '2015-09-22 05:30:00', '0000-00-00 00:00:00', '0000-00-00 00:00:00', NULL, 0, NULL, NULL, NULL, NULL, NULL, NULL, NULL, NULL, NULL, NULL, NULL, NULL, NULL, NULL),
(293, 31, 1, '2015-09-29 01:30:00', '2015-09-29 05:30:00', '0000-00-00 00:00:00', '0000-00-00 00:00:00', NULL, 0, NULL, NULL, NULL, NULL, NULL, NULL, NULL, NULL, NULL, NULL, NULL, NULL, NULL, NULL),
(294, 31, 1, '2015-10-06 01:30:00', '2015-10-06 05:30:00', '0000-00-00 00:00:00', '0000-00-00 00:00:00', NULL, 0, NULL, NULL, NULL, NULL, NULL, NULL, NULL, NULL, NULL, NULL, NULL, NULL, NULL, NULL),
(295, 31, 1, '2015-10-13 01:30:00', '2015-10-13 05:30:00', '0000-00-00 00:00:00', '0000-00-00 00:00:00', NULL, 0, NULL, NULL, NULL, NULL, NULL, NULL, NULL, NULL, NULL, NULL, NULL, NULL, NULL, NULL),
(296, 31, 1, '2015-10-20 01:30:00', '2015-10-20 05:30:00', '0000-00-00 00:00:00', '0000-00-00 00:00:00', NULL, 0, NULL, NULL, NULL, NULL, NULL, NULL, NULL, NULL, NULL, NULL, NULL, NULL, NULL, NULL),
(297, 31, 1, '2015-10-27 01:30:00', '2015-10-27 05:30:00', '0000-00-00 00:00:00', '0000-00-00 00:00:00', NULL, 0, NULL, NULL, NULL, NULL, NULL, NULL, NULL, NULL, NULL, NULL, NULL, NULL, NULL, NULL),
(298, 31, 1, '2015-11-03 01:30:00', '2015-11-03 05:30:00', '0000-00-00 00:00:00', '0000-00-00 00:00:00', NULL, 0, NULL, NULL, NULL, NULL, NULL, NULL, NULL, NULL, NULL, NULL, NULL, NULL, NULL, NULL),
(299, 31, 1, '2015-11-10 01:30:00', '2015-11-10 05:30:00', '0000-00-00 00:00:00', '0000-00-00 00:00:00', NULL, 0, NULL, NULL, NULL, NULL, NULL, NULL, NULL, NULL, NULL, NULL, NULL, NULL, NULL, NULL),
(300, 31, 1, '2015-11-17 01:30:00', '2015-11-17 05:30:00', '0000-00-00 00:00:00', '0000-00-00 00:00:00', NULL, 0, NULL, NULL, NULL, NULL, NULL, NULL, NULL, NULL, NULL, NULL, NULL, NULL, NULL, NULL),
(301, 31, 1, '2015-11-24 01:30:00', '2015-11-24 05:30:00', '0000-00-00 00:00:00', '0000-00-00 00:00:00', NULL, 0, NULL, NULL, NULL, NULL, NULL, NULL, NULL, NULL, NULL, NULL, NULL, NULL, NULL, NULL),
(302, 31, 1, '2015-12-01 01:30:00', '2015-12-01 05:30:00', '0000-00-00 00:00:00', '0000-00-00 00:00:00', NULL, 0, NULL, NULL, NULL, NULL, NULL, NULL, NULL, NULL, NULL, NULL, NULL, NULL, NULL, NULL),
(303, 31, 1, '2015-12-08 01:30:00', '2015-12-08 05:30:00', '0000-00-00 00:00:00', '0000-00-00 00:00:00', NULL, 0, NULL, NULL, NULL, NULL, NULL, NULL, NULL, NULL, NULL, NULL, NULL, NULL, NULL, NULL),
(304, 31, 1, '2015-12-15 01:30:00', '2015-12-15 05:30:00', '0000-00-00 00:00:00', '0000-00-00 00:00:00', NULL, 0, NULL, NULL, NULL, NULL, NULL, NULL, NULL, NULL, NULL, NULL, NULL, NULL, NULL, NULL),
(305, 31, 1, '2015-12-22 01:30:00', '2015-12-22 05:30:00', '0000-00-00 00:00:00', '0000-00-00 00:00:00', NULL, 0, NULL, NULL, NULL, NULL, NULL, NULL, NULL, NULL, NULL, NULL, NULL, NULL, NULL, NULL),
(306, 31, 1, '2015-12-29 01:30:00', '2015-12-29 05:30:00', '0000-00-00 00:00:00', '0000-00-00 00:00:00', NULL, 0, NULL, NULL, NULL, NULL, NULL, NULL, NULL, NULL, NULL, NULL, NULL, NULL, NULL, NULL),
(307, 31, 1, '2016-01-05 01:30:00', '2016-01-05 05:30:00', '0000-00-00 00:00:00', '0000-00-00 00:00:00', NULL, 0, NULL, NULL, NULL, NULL, NULL, NULL, NULL, NULL, NULL, NULL, NULL, NULL, NULL, NULL),
(308, 31, 1, '2016-01-12 01:30:00', '2016-01-12 05:30:00', '0000-00-00 00:00:00', '0000-00-00 00:00:00', NULL, 0, NULL, NULL, NULL, NULL, NULL, NULL, NULL, NULL, NULL, NULL, NULL, NULL, NULL, NULL),
(309, 31, 1, '2016-01-19 01:30:00', '2016-01-19 05:30:00', '0000-00-00 00:00:00', '0000-00-00 00:00:00', NULL, 0, NULL, NULL, NULL, NULL, NULL, NULL, NULL, NULL, NULL, NULL, NULL, NULL, NULL, NULL),
(310, 31, 1, '2016-01-26 01:30:00', '2016-01-26 05:30:00', '0000-00-00 00:00:00', '0000-00-00 00:00:00', NULL, 0, NULL, NULL, NULL, NULL, NULL, NULL, NULL, NULL, NULL, NULL, NULL, NULL, NULL, NULL),
(311, 31, 1, '2016-02-02 01:30:00', '2016-02-02 05:30:00', '0000-00-00 00:00:00', '0000-00-00 00:00:00', NULL, 0, NULL, NULL, NULL, NULL, NULL, NULL, NULL, NULL, NULL, NULL, NULL, NULL, NULL, NULL),
(312, 31, 1, '2016-02-09 01:30:00', '2016-02-09 05:30:00', '0000-00-00 00:00:00', '0000-00-00 00:00:00', NULL, 0, NULL, NULL, NULL, NULL, NULL, NULL, NULL, NULL, NULL, NULL, NULL, NULL, NULL, NULL),
(313, 31, 1, '2016-02-16 01:30:00', '2016-02-16 05:30:00', '0000-00-00 00:00:00', '0000-00-00 00:00:00', NULL, 0, NULL, NULL, NULL, NULL, NULL, NULL, NULL, NULL, NULL, NULL, NULL, NULL, NULL, NULL),
(314, 31, 1, '2016-02-23 01:30:00', '2016-02-23 05:30:00', '0000-00-00 00:00:00', '0000-00-00 00:00:00', NULL, 0, NULL, NULL, NULL, NULL, NULL, NULL, NULL, NULL, NULL, NULL, NULL, NULL, NULL, NULL),
(315, 31, 1, '2015-02-25 01:30:00', '2015-02-25 03:30:00', '0000-00-00 00:00:00', '0000-00-00 00:00:00', NULL, 0, NULL, NULL, NULL, NULL, NULL, NULL, NULL, NULL, NULL, NULL, NULL, NULL, NULL, NULL),
(316, 31, 1, '2015-03-04 01:30:00', '2015-03-04 03:30:00', '0000-00-00 00:00:00', '0000-00-00 00:00:00', NULL, 0, NULL, NULL, NULL, NULL, NULL, NULL, NULL, NULL, NULL, NULL, NULL, NULL, NULL, NULL),
(317, 31, 1, '2015-03-11 01:30:00', '2015-03-11 03:30:00', '0000-00-00 00:00:00', '0000-00-00 00:00:00', NULL, 0, NULL, NULL, NULL, NULL, NULL, NULL, NULL, NULL, NULL, NULL, NULL, NULL, NULL, NULL),
(318, 31, 1, '2015-03-18 01:30:00', '2015-03-18 03:30:00', '0000-00-00 00:00:00', '0000-00-00 00:00:00', NULL, 0, NULL, NULL, NULL, NULL, NULL, NULL, NULL, NULL, NULL, NULL, NULL, NULL, NULL, NULL),
(319, 31, 1, '2015-03-25 01:30:00', '2015-03-25 03:30:00', '0000-00-00 00:00:00', '0000-00-00 00:00:00', NULL, 0, NULL, NULL, NULL, NULL, NULL, NULL, NULL, NULL, NULL, NULL, NULL, NULL, NULL, NULL),
(320, 31, 1, '2015-04-01 01:30:00', '2015-04-01 03:30:00', '0000-00-00 00:00:00', '0000-00-00 00:00:00', NULL, 0, NULL, NULL, NULL, NULL, NULL, NULL, NULL, NULL, NULL, NULL, NULL, NULL, NULL, NULL),
(321, 31, 1, '2015-04-08 01:30:00', '2015-04-08 03:30:00', '0000-00-00 00:00:00', '0000-00-00 00:00:00', NULL, 0, NULL, NULL, NULL, NULL, NULL, NULL, NULL, NULL, NULL, NULL, NULL, NULL, NULL, NULL),
(322, 31, 1, '2015-04-15 01:30:00', '2015-04-15 03:30:00', '0000-00-00 00:00:00', '0000-00-00 00:00:00', NULL, 0, NULL, NULL, NULL, NULL, NULL, NULL, NULL, NULL, NULL, NULL, NULL, NULL, NULL, NULL),
(323, 31, 1, '2015-04-22 01:30:00', '2015-04-22 03:30:00', '0000-00-00 00:00:00', '0000-00-00 00:00:00', NULL, 0, NULL, NULL, NULL, NULL, NULL, NULL, NULL, NULL, NULL, NULL, NULL, NULL, NULL, NULL),
(324, 31, 1, '2015-04-29 01:30:00', '2015-04-29 03:30:00', '0000-00-00 00:00:00', '0000-00-00 00:00:00', NULL, 0, NULL, NULL, NULL, NULL, NULL, NULL, NULL, NULL, NULL, NULL, NULL, NULL, NULL, NULL),
(325, 31, 1, '2015-05-06 01:30:00', '2015-05-06 03:30:00', '0000-00-00 00:00:00', '0000-00-00 00:00:00', NULL, 0, NULL, NULL, NULL, NULL, NULL, NULL, NULL, NULL, NULL, NULL, NULL, NULL, NULL, NULL),
(326, 31, 1, '2015-05-13 01:30:00', '2015-05-13 03:30:00', '0000-00-00 00:00:00', '0000-00-00 00:00:00', NULL, 0, NULL, NULL, NULL, NULL, NULL, NULL, NULL, NULL, NULL, NULL, NULL, NULL, NULL, NULL),
(327, 31, 1, '2015-05-20 01:30:00', '2015-05-20 03:30:00', '0000-00-00 00:00:00', '0000-00-00 00:00:00', NULL, 0, NULL, NULL, NULL, NULL, NULL, NULL, NULL, NULL, NULL, NULL, NULL, NULL, NULL, NULL),
(328, 31, 1, '2015-05-27 01:30:00', '2015-05-27 03:30:00', '0000-00-00 00:00:00', '0000-00-00 00:00:00', NULL, 0, NULL, NULL, NULL, NULL, NULL, NULL, NULL, NULL, NULL, NULL, NULL, NULL, NULL, NULL),
(329, 31, 1, '2015-06-03 01:30:00', '2015-06-03 03:30:00', '0000-00-00 00:00:00', '0000-00-00 00:00:00', NULL, 0, NULL, NULL, NULL, NULL, NULL, NULL, NULL, NULL, NULL, NULL, NULL, NULL, NULL, NULL),
(330, 31, 1, '2015-06-10 01:30:00', '2015-06-10 03:30:00', '0000-00-00 00:00:00', '0000-00-00 00:00:00', NULL, 0, NULL, NULL, NULL, NULL, NULL, NULL, NULL, NULL, NULL, NULL, NULL, NULL, NULL, NULL),
(331, 31, 1, '2015-06-17 01:30:00', '2015-06-17 03:30:00', '0000-00-00 00:00:00', '0000-00-00 00:00:00', NULL, 0, NULL, NULL, NULL, NULL, NULL, NULL, NULL, NULL, NULL, NULL, NULL, NULL, NULL, NULL),
(332, 31, 1, '2015-06-24 01:30:00', '2015-06-24 03:30:00', '0000-00-00 00:00:00', '0000-00-00 00:00:00', NULL, 0, NULL, NULL, NULL, NULL, NULL, NULL, NULL, NULL, NULL, NULL, NULL, NULL, NULL, NULL),
(333, 31, 1, '2015-07-01 01:30:00', '2015-07-01 03:30:00', '0000-00-00 00:00:00', '0000-00-00 00:00:00', NULL, 0, NULL, NULL, NULL, NULL, NULL, NULL, NULL, NULL, NULL, NULL, NULL, NULL, NULL, NULL),
(334, 31, 1, '2015-07-08 01:30:00', '2015-07-08 03:30:00', '0000-00-00 00:00:00', '0000-00-00 00:00:00', NULL, 0, NULL, NULL, NULL, NULL, NULL, NULL, NULL, NULL, NULL, NULL, NULL, NULL, NULL, NULL),
(335, 31, 1, '2015-07-15 01:30:00', '2015-07-15 03:30:00', '0000-00-00 00:00:00', '0000-00-00 00:00:00', NULL, 0, NULL, NULL, NULL, NULL, NULL, NULL, NULL, NULL, NULL, NULL, NULL, NULL, NULL, NULL),
(336, 31, 1, '2015-07-22 01:30:00', '2015-07-22 03:30:00', '0000-00-00 00:00:00', '0000-00-00 00:00:00', NULL, 0, NULL, NULL, NULL, NULL, NULL, NULL, NULL, NULL, NULL, NULL, NULL, NULL, NULL, NULL),
(337, 31, 1, '2015-07-29 01:30:00', '2015-07-29 03:30:00', '0000-00-00 00:00:00', '0000-00-00 00:00:00', NULL, 0, NULL, NULL, NULL, NULL, NULL, NULL, NULL, NULL, NULL, NULL, NULL, NULL, NULL, NULL),
(338, 31, 1, '2015-08-05 01:30:00', '2015-08-05 03:30:00', '0000-00-00 00:00:00', '0000-00-00 00:00:00', NULL, 0, NULL, NULL, NULL, NULL, NULL, NULL, NULL, NULL, NULL, NULL, NULL, NULL, NULL, NULL),
(339, 31, 1, '2015-08-12 01:30:00', '2015-08-12 03:30:00', '0000-00-00 00:00:00', '0000-00-00 00:00:00', NULL, 0, NULL, NULL, NULL, NULL, NULL, NULL, NULL, NULL, NULL, NULL, NULL, NULL, NULL, NULL),
(340, 31, 1, '2015-08-19 01:30:00', '2015-08-19 03:30:00', '0000-00-00 00:00:00', '0000-00-00 00:00:00', NULL, 0, NULL, NULL, NULL, NULL, NULL, NULL, NULL, NULL, NULL, NULL, NULL, NULL, NULL, NULL),
(341, 31, 1, '2015-08-26 01:30:00', '2015-08-26 03:30:00', '0000-00-00 00:00:00', '0000-00-00 00:00:00', NULL, 0, NULL, NULL, NULL, NULL, NULL, NULL, NULL, NULL, NULL, NULL, NULL, NULL, NULL, NULL),
(342, 31, 1, '2015-09-02 01:30:00', '2015-09-02 03:30:00', '0000-00-00 00:00:00', '0000-00-00 00:00:00', NULL, 0, NULL, NULL, NULL, NULL, NULL, NULL, NULL, NULL, NULL, NULL, NULL, NULL, NULL, NULL),
(343, 31, 1, '2015-09-09 01:30:00', '2015-09-09 03:30:00', '0000-00-00 00:00:00', '0000-00-00 00:00:00', NULL, 0, NULL, NULL, NULL, NULL, NULL, NULL, NULL, NULL, NULL, NULL, NULL, NULL, NULL, NULL),
(344, 31, 1, '2015-09-16 01:30:00', '2015-09-16 03:30:00', '0000-00-00 00:00:00', '0000-00-00 00:00:00', NULL, 0, NULL, NULL, NULL, NULL, NULL, NULL, NULL, NULL, NULL, NULL, NULL, NULL, NULL, NULL),
(345, 31, 1, '2015-09-23 01:30:00', '2015-09-23 03:30:00', '0000-00-00 00:00:00', '0000-00-00 00:00:00', NULL, 0, NULL, NULL, NULL, NULL, NULL, NULL, NULL, NULL, NULL, NULL, NULL, NULL, NULL, NULL),
(346, 31, 1, '2015-09-30 01:30:00', '2015-09-30 03:30:00', '0000-00-00 00:00:00', '0000-00-00 00:00:00', NULL, 0, NULL, NULL, NULL, NULL, NULL, NULL, NULL, NULL, NULL, NULL, NULL, NULL, NULL, NULL),
(347, 31, 1, '2015-10-07 01:30:00', '2015-10-07 03:30:00', '0000-00-00 00:00:00', '0000-00-00 00:00:00', NULL, 0, NULL, NULL, NULL, NULL, NULL, NULL, NULL, NULL, NULL, NULL, NULL, NULL, NULL, NULL),
(348, 31, 1, '2015-10-14 01:30:00', '2015-10-14 03:30:00', '0000-00-00 00:00:00', '0000-00-00 00:00:00', NULL, 0, NULL, NULL, NULL, NULL, NULL, NULL, NULL, NULL, NULL, NULL, NULL, NULL, NULL, NULL),
(349, 31, 1, '2015-10-21 01:30:00', '2015-10-21 03:30:00', '0000-00-00 00:00:00', '0000-00-00 00:00:00', NULL, 0, NULL, NULL, NULL, NULL, NULL, NULL, NULL, NULL, NULL, NULL, NULL, NULL, NULL, NULL),
(350, 31, 1, '2015-10-28 01:30:00', '2015-10-28 03:30:00', '0000-00-00 00:00:00', '0000-00-00 00:00:00', NULL, 0, NULL, NULL, NULL, NULL, NULL, NULL, NULL, NULL, NULL, NULL, NULL, NULL, NULL, NULL),
(351, 31, 1, '2015-11-04 01:30:00', '2015-11-04 03:30:00', '0000-00-00 00:00:00', '0000-00-00 00:00:00', NULL, 0, NULL, NULL, NULL, NULL, NULL, NULL, NULL, NULL, NULL, NULL, NULL, NULL, NULL, NULL),
(352, 31, 1, '2015-11-11 01:30:00', '2015-11-11 03:30:00', '0000-00-00 00:00:00', '0000-00-00 00:00:00', NULL, 0, NULL, NULL, NULL, NULL, NULL, NULL, NULL, NULL, NULL, NULL, NULL, NULL, NULL, NULL),
(353, 31, 1, '2015-11-18 01:30:00', '2015-11-18 03:30:00', '0000-00-00 00:00:00', '0000-00-00 00:00:00', NULL, 0, NULL, NULL, NULL, NULL, NULL, NULL, NULL, NULL, NULL, NULL, NULL, NULL, NULL, NULL),
(354, 31, 1, '2015-11-25 01:30:00', '2015-11-25 03:30:00', '0000-00-00 00:00:00', '0000-00-00 00:00:00', NULL, 0, NULL, NULL, NULL, NULL, NULL, NULL, NULL, NULL, NULL, NULL, NULL, NULL, NULL, NULL),
(355, 31, 1, '2015-12-02 01:30:00', '2015-12-02 03:30:00', '0000-00-00 00:00:00', '0000-00-00 00:00:00', NULL, 0, NULL, NULL, NULL, NULL, NULL, NULL, NULL, NULL, NULL, NULL, NULL, NULL, NULL, NULL),
(356, 31, 1, '2015-12-09 01:30:00', '2015-12-09 03:30:00', '0000-00-00 00:00:00', '0000-00-00 00:00:00', NULL, 0, NULL, NULL, NULL, NULL, NULL, NULL, NULL, NULL, NULL, NULL, NULL, NULL, NULL, NULL),
(357, 31, 1, '2015-12-16 01:30:00', '2015-12-16 03:30:00', '0000-00-00 00:00:00', '0000-00-00 00:00:00', NULL, 0, NULL, NULL, NULL, NULL, NULL, NULL, NULL, NULL, NULL, NULL, NULL, NULL, NULL, NULL),
(358, 31, 1, '2015-12-23 01:30:00', '2015-12-23 03:30:00', '0000-00-00 00:00:00', '0000-00-00 00:00:00', NULL, 0, NULL, NULL, NULL, NULL, NULL, NULL, NULL, NULL, NULL, NULL, NULL, NULL, NULL, NULL),
(359, 31, 1, '2015-12-30 01:30:00', '2015-12-30 03:30:00', '0000-00-00 00:00:00', '0000-00-00 00:00:00', NULL, 0, NULL, NULL, NULL, NULL, NULL, NULL, NULL, NULL, NULL, NULL, NULL, NULL, NULL, NULL),
(360, 31, 1, '2016-01-06 01:30:00', '2016-01-06 03:30:00', '0000-00-00 00:00:00', '0000-00-00 00:00:00', NULL, 0, NULL, NULL, NULL, NULL, NULL, NULL, NULL, NULL, NULL, NULL, NULL, NULL, NULL, NULL),
(361, 31, 1, '2016-01-13 01:30:00', '2016-01-13 03:30:00', '0000-00-00 00:00:00', '0000-00-00 00:00:00', NULL, 0, NULL, NULL, NULL, NULL, NULL, NULL, NULL, NULL, NULL, NULL, NULL, NULL, NULL, NULL),
(362, 31, 1, '2016-01-20 01:30:00', '2016-01-20 03:30:00', '0000-00-00 00:00:00', '0000-00-00 00:00:00', NULL, 0, NULL, NULL, NULL, NULL, NULL, NULL, NULL, NULL, NULL, NULL, NULL, NULL, NULL, NULL),
(363, 31, 1, '2016-01-27 01:30:00', '2016-01-27 03:30:00', '0000-00-00 00:00:00', '0000-00-00 00:00:00', NULL, 0, NULL, NULL, NULL, NULL, NULL, NULL, NULL, NULL, NULL, NULL, NULL, NULL, NULL, NULL),
(364, 31, 1, '2016-02-03 01:30:00', '2016-02-03 03:30:00', '0000-00-00 00:00:00', '0000-00-00 00:00:00', NULL, 0, NULL, NULL, NULL, NULL, NULL, NULL, NULL, NULL, NULL, NULL, NULL, NULL, NULL, NULL),
(365, 31, 1, '2016-02-10 01:30:00', '2016-02-10 03:30:00', '0000-00-00 00:00:00', '0000-00-00 00:00:00', NULL, 0, NULL, NULL, NULL, NULL, NULL, NULL, NULL, NULL, NULL, NULL, NULL, NULL, NULL, NULL),
(366, 31, 1, '2016-02-17 01:30:00', '2016-02-17 03:30:00', '0000-00-00 00:00:00', '0000-00-00 00:00:00', NULL, 0, NULL, NULL, NULL, NULL, NULL, NULL, NULL, NULL, NULL, NULL, NULL, NULL, NULL, NULL),
(367, 31, 1, '2016-02-24 01:30:00', '2016-02-24 03:30:00', '0000-00-00 00:00:00', '0000-00-00 00:00:00', NULL, 0, NULL, NULL, NULL, NULL, NULL, NULL, NULL, NULL, NULL, NULL, NULL, NULL, NULL, NULL),
(368, 31, 1, '2015-02-26 01:30:00', '2015-02-26 02:30:00', '0000-00-00 00:00:00', '0000-00-00 00:00:00', NULL, 0, NULL, NULL, NULL, NULL, NULL, NULL, NULL, NULL, NULL, NULL, NULL, NULL, NULL, NULL),
(369, 31, 1, '2015-03-05 01:30:00', '2015-03-05 02:30:00', '0000-00-00 00:00:00', '0000-00-00 00:00:00', NULL, 0, NULL, NULL, NULL, NULL, NULL, NULL, NULL, NULL, NULL, NULL, NULL, NULL, NULL, NULL),
(370, 31, 1, '2015-03-12 01:30:00', '2015-03-12 02:30:00', '0000-00-00 00:00:00', '0000-00-00 00:00:00', NULL, 0, NULL, NULL, NULL, NULL, NULL, NULL, NULL, NULL, NULL, NULL, NULL, NULL, NULL, NULL),
(371, 31, 1, '2015-03-19 01:30:00', '2015-03-19 02:30:00', '0000-00-00 00:00:00', '0000-00-00 00:00:00', NULL, 0, NULL, NULL, NULL, NULL, NULL, NULL, NULL, NULL, NULL, NULL, NULL, NULL, NULL, NULL),
(372, 31, 1, '2015-03-26 01:30:00', '2015-03-26 02:30:00', '0000-00-00 00:00:00', '0000-00-00 00:00:00', NULL, 0, NULL, NULL, NULL, NULL, NULL, NULL, NULL, NULL, NULL, NULL, NULL, NULL, NULL, NULL),
(373, 31, 1, '2015-04-02 01:30:00', '2015-04-02 02:30:00', '0000-00-00 00:00:00', '0000-00-00 00:00:00', NULL, 0, NULL, NULL, NULL, NULL, NULL, NULL, NULL, NULL, NULL, NULL, NULL, NULL, NULL, NULL),
(374, 31, 1, '2015-04-09 01:30:00', '2015-04-09 02:30:00', '0000-00-00 00:00:00', '0000-00-00 00:00:00', NULL, 0, NULL, NULL, NULL, NULL, NULL, NULL, NULL, NULL, NULL, NULL, NULL, NULL, NULL, NULL),
(375, 31, 1, '2015-04-16 01:30:00', '2015-04-16 02:30:00', '0000-00-00 00:00:00', '0000-00-00 00:00:00', NULL, 0, NULL, NULL, NULL, NULL, NULL, NULL, NULL, NULL, NULL, NULL, NULL, NULL, NULL, NULL),
(376, 31, 1, '2015-04-23 01:30:00', '2015-04-23 02:30:00', '0000-00-00 00:00:00', '0000-00-00 00:00:00', NULL, 0, NULL, NULL, NULL, NULL, NULL, NULL, NULL, NULL, NULL, NULL, NULL, NULL, NULL, NULL),
(377, 31, 1, '2015-04-30 01:30:00', '2015-04-30 02:30:00', '0000-00-00 00:00:00', '0000-00-00 00:00:00', NULL, 0, NULL, NULL, NULL, NULL, NULL, NULL, NULL, NULL, NULL, NULL, NULL, NULL, NULL, NULL),
(378, 31, 1, '2015-05-07 01:30:00', '2015-05-07 02:30:00', '0000-00-00 00:00:00', '0000-00-00 00:00:00', NULL, 0, NULL, NULL, NULL, NULL, NULL, NULL, NULL, NULL, NULL, NULL, NULL, NULL, NULL, NULL),
(379, 31, 1, '2015-05-14 01:30:00', '2015-05-14 02:30:00', '0000-00-00 00:00:00', '0000-00-00 00:00:00', NULL, 0, NULL, NULL, NULL, NULL, NULL, NULL, NULL, NULL, NULL, NULL, NULL, NULL, NULL, NULL),
(380, 31, 1, '2015-05-21 01:30:00', '2015-05-21 02:30:00', '0000-00-00 00:00:00', '0000-00-00 00:00:00', NULL, 0, NULL, NULL, NULL, NULL, NULL, NULL, NULL, NULL, NULL, NULL, NULL, NULL, NULL, NULL),
(381, 31, 1, '2015-05-28 01:30:00', '2015-05-28 02:30:00', '0000-00-00 00:00:00', '0000-00-00 00:00:00', NULL, 0, NULL, NULL, NULL, NULL, NULL, NULL, NULL, NULL, NULL, NULL, NULL, NULL, NULL, NULL),
(382, 31, 1, '2015-06-04 01:30:00', '2015-06-04 02:30:00', '0000-00-00 00:00:00', '0000-00-00 00:00:00', NULL, 0, NULL, NULL, NULL, NULL, NULL, NULL, NULL, NULL, NULL, NULL, NULL, NULL, NULL, NULL),
(383, 31, 1, '2015-06-11 01:30:00', '2015-06-11 02:30:00', '0000-00-00 00:00:00', '0000-00-00 00:00:00', NULL, 0, NULL, NULL, NULL, NULL, NULL, NULL, NULL, NULL, NULL, NULL, NULL, NULL, NULL, NULL),
(384, 31, 1, '2015-06-18 01:30:00', '2015-06-18 02:30:00', '0000-00-00 00:00:00', '0000-00-00 00:00:00', NULL, 0, NULL, NULL, NULL, NULL, NULL, NULL, NULL, NULL, NULL, NULL, NULL, NULL, NULL, NULL),
(385, 31, 1, '2015-06-25 01:30:00', '2015-06-25 02:30:00', '0000-00-00 00:00:00', '0000-00-00 00:00:00', NULL, 0, NULL, NULL, NULL, NULL, NULL, NULL, NULL, NULL, NULL, NULL, NULL, NULL, NULL, NULL),
(386, 31, 1, '2015-07-02 01:30:00', '2015-07-02 02:30:00', '0000-00-00 00:00:00', '0000-00-00 00:00:00', NULL, 0, NULL, NULL, NULL, NULL, NULL, NULL, NULL, NULL, NULL, NULL, NULL, NULL, NULL, NULL),
(387, 31, 1, '2015-07-09 01:30:00', '2015-07-09 02:30:00', '0000-00-00 00:00:00', '0000-00-00 00:00:00', NULL, 0, NULL, NULL, NULL, NULL, NULL, NULL, NULL, NULL, NULL, NULL, NULL, NULL, NULL, NULL),
(388, 31, 1, '2015-07-16 01:30:00', '2015-07-16 02:30:00', '0000-00-00 00:00:00', '0000-00-00 00:00:00', NULL, 0, NULL, NULL, NULL, NULL, NULL, NULL, NULL, NULL, NULL, NULL, NULL, NULL, NULL, NULL),
(389, 31, 1, '2015-07-23 01:30:00', '2015-07-23 02:30:00', '0000-00-00 00:00:00', '0000-00-00 00:00:00', NULL, 0, NULL, NULL, NULL, NULL, NULL, NULL, NULL, NULL, NULL, NULL, NULL, NULL, NULL, NULL),
(390, 31, 1, '2015-07-30 01:30:00', '2015-07-30 02:30:00', '0000-00-00 00:00:00', '0000-00-00 00:00:00', NULL, 0, NULL, NULL, NULL, NULL, NULL, NULL, NULL, NULL, NULL, NULL, NULL, NULL, NULL, NULL),
(391, 31, 1, '2015-08-06 01:30:00', '2015-08-06 02:30:00', '0000-00-00 00:00:00', '0000-00-00 00:00:00', NULL, 0, NULL, NULL, NULL, NULL, NULL, NULL, NULL, NULL, NULL, NULL, NULL, NULL, NULL, NULL),
(392, 31, 1, '2015-08-13 01:30:00', '2015-08-13 02:30:00', '0000-00-00 00:00:00', '0000-00-00 00:00:00', NULL, 0, NULL, NULL, NULL, NULL, NULL, NULL, NULL, NULL, NULL, NULL, NULL, NULL, NULL, NULL),
(393, 31, 1, '2015-08-20 01:30:00', '2015-08-20 02:30:00', '0000-00-00 00:00:00', '0000-00-00 00:00:00', NULL, 0, NULL, NULL, NULL, NULL, NULL, NULL, NULL, NULL, NULL, NULL, NULL, NULL, NULL, NULL),
(394, 31, 1, '2015-08-27 01:30:00', '2015-08-27 02:30:00', '0000-00-00 00:00:00', '0000-00-00 00:00:00', NULL, 0, NULL, NULL, NULL, NULL, NULL, NULL, NULL, NULL, NULL, NULL, NULL, NULL, NULL, NULL),
(395, 31, 1, '2015-09-03 01:30:00', '2015-09-03 02:30:00', '0000-00-00 00:00:00', '0000-00-00 00:00:00', NULL, 0, NULL, NULL, NULL, NULL, NULL, NULL, NULL, NULL, NULL, NULL, NULL, NULL, NULL, NULL),
(396, 31, 1, '2015-09-10 01:30:00', '2015-09-10 02:30:00', '0000-00-00 00:00:00', '0000-00-00 00:00:00', NULL, 0, NULL, NULL, NULL, NULL, NULL, NULL, NULL, NULL, NULL, NULL, NULL, NULL, NULL, NULL),
(397, 31, 1, '2015-09-17 01:30:00', '2015-09-17 02:30:00', '0000-00-00 00:00:00', '0000-00-00 00:00:00', NULL, 0, NULL, NULL, NULL, NULL, NULL, NULL, NULL, NULL, NULL, NULL, NULL, NULL, NULL, NULL),
(398, 31, 1, '2015-09-24 01:30:00', '2015-09-24 02:30:00', '0000-00-00 00:00:00', '0000-00-00 00:00:00', NULL, 0, NULL, NULL, NULL, NULL, NULL, NULL, NULL, NULL, NULL, NULL, NULL, NULL, NULL, NULL),
(399, 31, 1, '2015-10-01 01:30:00', '2015-10-01 02:30:00', '0000-00-00 00:00:00', '0000-00-00 00:00:00', NULL, 0, NULL, NULL, NULL, NULL, NULL, NULL, NULL, NULL, NULL, NULL, NULL, NULL, NULL, NULL),
(400, 31, 1, '2015-10-08 01:30:00', '2015-10-08 02:30:00', '0000-00-00 00:00:00', '0000-00-00 00:00:00', NULL, 0, NULL, NULL, NULL, NULL, NULL, NULL, NULL, NULL, NULL, NULL, NULL, NULL, NULL, NULL),
(401, 31, 1, '2015-10-15 01:30:00', '2015-10-15 02:30:00', '0000-00-00 00:00:00', '0000-00-00 00:00:00', NULL, 0, NULL, NULL, NULL, NULL, NULL, NULL, NULL, NULL, NULL, NULL, NULL, NULL, NULL, NULL),
(402, 31, 1, '2015-10-22 01:30:00', '2015-10-22 02:30:00', '0000-00-00 00:00:00', '0000-00-00 00:00:00', NULL, 0, NULL, NULL, NULL, NULL, NULL, NULL, NULL, NULL, NULL, NULL, NULL, NULL, NULL, NULL),
(403, 31, 1, '2015-10-29 01:30:00', '2015-10-29 02:30:00', '0000-00-00 00:00:00', '0000-00-00 00:00:00', NULL, 0, NULL, NULL, NULL, NULL, NULL, NULL, NULL, NULL, NULL, NULL, NULL, NULL, NULL, NULL),
(404, 31, 1, '2015-11-05 01:30:00', '2015-11-05 02:30:00', '0000-00-00 00:00:00', '0000-00-00 00:00:00', NULL, 0, NULL, NULL, NULL, NULL, NULL, NULL, NULL, NULL, NULL, NULL, NULL, NULL, NULL, NULL),
(405, 31, 1, '2015-11-12 01:30:00', '2015-11-12 02:30:00', '0000-00-00 00:00:00', '0000-00-00 00:00:00', NULL, 0, NULL, NULL, NULL, NULL, NULL, NULL, NULL, NULL, NULL, NULL, NULL, NULL, NULL, NULL),
(406, 31, 1, '2015-11-19 01:30:00', '2015-11-19 02:30:00', '0000-00-00 00:00:00', '0000-00-00 00:00:00', NULL, 0, NULL, NULL, NULL, NULL, NULL, NULL, NULL, NULL, NULL, NULL, NULL, NULL, NULL, NULL),
(407, 31, 1, '2015-11-26 01:30:00', '2015-11-26 02:30:00', '0000-00-00 00:00:00', '0000-00-00 00:00:00', NULL, 0, NULL, NULL, NULL, NULL, NULL, NULL, NULL, NULL, NULL, NULL, NULL, NULL, NULL, NULL),
(408, 31, 1, '2015-12-03 01:30:00', '2015-12-03 02:30:00', '0000-00-00 00:00:00', '0000-00-00 00:00:00', NULL, 0, NULL, NULL, NULL, NULL, NULL, NULL, NULL, NULL, NULL, NULL, NULL, NULL, NULL, NULL),
(409, 31, 1, '2015-12-10 01:30:00', '2015-12-10 02:30:00', '0000-00-00 00:00:00', '0000-00-00 00:00:00', NULL, 0, NULL, NULL, NULL, NULL, NULL, NULL, NULL, NULL, NULL, NULL, NULL, NULL, NULL, NULL),
(410, 31, 1, '2015-12-17 01:30:00', '2015-12-17 02:30:00', '0000-00-00 00:00:00', '0000-00-00 00:00:00', NULL, 0, NULL, NULL, NULL, NULL, NULL, NULL, NULL, NULL, NULL, NULL, NULL, NULL, NULL, NULL),
(411, 31, 1, '2015-12-24 01:30:00', '2015-12-24 02:30:00', '0000-00-00 00:00:00', '0000-00-00 00:00:00', NULL, 0, NULL, NULL, NULL, NULL, NULL, NULL, NULL, NULL, NULL, NULL, NULL, NULL, NULL, NULL),
(412, 31, 1, '2015-12-31 01:30:00', '2015-12-31 02:30:00', '0000-00-00 00:00:00', '0000-00-00 00:00:00', NULL, 0, NULL, NULL, NULL, NULL, NULL, NULL, NULL, NULL, NULL, NULL, NULL, NULL, NULL, NULL),
(413, 31, 1, '2016-01-07 01:30:00', '2016-01-07 02:30:00', '0000-00-00 00:00:00', '0000-00-00 00:00:00', NULL, 0, NULL, NULL, NULL, NULL, NULL, NULL, NULL, NULL, NULL, NULL, NULL, NULL, NULL, NULL),
(414, 31, 1, '2016-01-14 01:30:00', '2016-01-14 02:30:00', '0000-00-00 00:00:00', '0000-00-00 00:00:00', NULL, 0, NULL, NULL, NULL, NULL, NULL, NULL, NULL, NULL, NULL, NULL, NULL, NULL, NULL, NULL),
(415, 31, 1, '2016-01-21 01:30:00', '2016-01-21 02:30:00', '0000-00-00 00:00:00', '0000-00-00 00:00:00', NULL, 0, NULL, NULL, NULL, NULL, NULL, NULL, NULL, NULL, NULL, NULL, NULL, NULL, NULL, NULL),
(416, 31, 1, '2016-01-28 01:30:00', '2016-01-28 02:30:00', '0000-00-00 00:00:00', '0000-00-00 00:00:00', NULL, 0, NULL, NULL, NULL, NULL, NULL, NULL, NULL, NULL, NULL, NULL, NULL, NULL, NULL, NULL),
(417, 31, 1, '2016-02-04 01:30:00', '2016-02-04 02:30:00', '0000-00-00 00:00:00', '0000-00-00 00:00:00', NULL, 0, NULL, NULL, NULL, NULL, NULL, NULL, NULL, NULL, NULL, NULL, NULL, NULL, NULL, NULL),
(418, 31, 1, '2016-02-11 01:30:00', '2016-02-11 02:30:00', '0000-00-00 00:00:00', '0000-00-00 00:00:00', NULL, 0, NULL, NULL, NULL, NULL, NULL, NULL, NULL, NULL, NULL, NULL, NULL, NULL, NULL, NULL),
(419, 31, 1, '2016-02-18 01:30:00', '2016-02-18 02:30:00', '0000-00-00 00:00:00', '0000-00-00 00:00:00', NULL, 0, NULL, NULL, NULL, NULL, NULL, NULL, NULL, NULL, NULL, NULL, NULL, NULL, NULL, NULL),
(420, 31, 1, '2015-02-27 02:30:00', '2015-02-27 03:30:00', '0000-00-00 00:00:00', '0000-00-00 00:00:00', NULL, 0, NULL, NULL, NULL, NULL, NULL, NULL, NULL, NULL, NULL, NULL, NULL, NULL, NULL, NULL),
(421, 31, 1, '2015-03-06 02:30:00', '2015-03-06 03:30:00', '0000-00-00 00:00:00', '0000-00-00 00:00:00', NULL, 0, NULL, NULL, NULL, NULL, NULL, NULL, NULL, NULL, NULL, NULL, NULL, NULL, NULL, NULL),
(422, 31, 1, '2015-03-13 02:30:00', '2015-03-13 03:30:00', '0000-00-00 00:00:00', '0000-00-00 00:00:00', NULL, 0, NULL, NULL, NULL, NULL, NULL, NULL, NULL, NULL, NULL, NULL, NULL, NULL, NULL, NULL),
(423, 31, 1, '2015-03-20 02:30:00', '2015-03-20 03:30:00', '0000-00-00 00:00:00', '0000-00-00 00:00:00', NULL, 0, NULL, NULL, NULL, NULL, NULL, NULL, NULL, NULL, NULL, NULL, NULL, NULL, NULL, NULL),
(424, 31, 1, '2015-03-27 02:30:00', '2015-03-27 03:30:00', '0000-00-00 00:00:00', '0000-00-00 00:00:00', NULL, 0, NULL, NULL, NULL, NULL, NULL, NULL, NULL, NULL, NULL, NULL, NULL, NULL, NULL, NULL),
(425, 31, 1, '2015-04-03 02:30:00', '2015-04-03 03:30:00', '0000-00-00 00:00:00', '0000-00-00 00:00:00', NULL, 0, NULL, NULL, NULL, NULL, NULL, NULL, NULL, NULL, NULL, NULL, NULL, NULL, NULL, NULL),
(426, 31, 1, '2015-04-10 02:30:00', '2015-04-10 03:30:00', '0000-00-00 00:00:00', '0000-00-00 00:00:00', NULL, 0, NULL, NULL, NULL, NULL, NULL, NULL, NULL, NULL, NULL, NULL, NULL, NULL, NULL, NULL),
(427, 31, 1, '2015-04-17 02:30:00', '2015-04-17 03:30:00', '0000-00-00 00:00:00', '0000-00-00 00:00:00', NULL, 0, NULL, NULL, NULL, NULL, NULL, NULL, NULL, NULL, NULL, NULL, NULL, NULL, NULL, NULL),
(428, 31, 1, '2015-04-24 02:30:00', '2015-04-24 03:30:00', '0000-00-00 00:00:00', '0000-00-00 00:00:00', NULL, 0, NULL, NULL, NULL, NULL, NULL, NULL, NULL, NULL, NULL, NULL, NULL, NULL, NULL, NULL),
(429, 31, 1, '2015-05-01 02:30:00', '2015-05-01 03:30:00', '0000-00-00 00:00:00', '0000-00-00 00:00:00', NULL, 0, NULL, NULL, NULL, NULL, NULL, NULL, NULL, NULL, NULL, NULL, NULL, NULL, NULL, NULL),
(430, 31, 1, '2015-05-08 02:30:00', '2015-05-08 03:30:00', '0000-00-00 00:00:00', '0000-00-00 00:00:00', NULL, 0, NULL, NULL, NULL, NULL, NULL, NULL, NULL, NULL, NULL, NULL, NULL, NULL, NULL, NULL),
(431, 31, 1, '2015-05-15 02:30:00', '2015-05-15 03:30:00', '0000-00-00 00:00:00', '0000-00-00 00:00:00', NULL, 0, NULL, NULL, NULL, NULL, NULL, NULL, NULL, NULL, NULL, NULL, NULL, NULL, NULL, NULL),
(432, 31, 1, '2015-05-22 02:30:00', '2015-05-22 03:30:00', '0000-00-00 00:00:00', '0000-00-00 00:00:00', NULL, 0, NULL, NULL, NULL, NULL, NULL, NULL, NULL, NULL, NULL, NULL, NULL, NULL, NULL, NULL),
(433, 31, 1, '2015-05-29 02:30:00', '2015-05-29 03:30:00', '0000-00-00 00:00:00', '0000-00-00 00:00:00', NULL, 0, NULL, NULL, NULL, NULL, NULL, NULL, NULL, NULL, NULL, NULL, NULL, NULL, NULL, NULL),
(434, 31, 1, '2015-06-05 02:30:00', '2015-06-05 03:30:00', '0000-00-00 00:00:00', '0000-00-00 00:00:00', NULL, 0, NULL, NULL, NULL, NULL, NULL, NULL, NULL, NULL, NULL, NULL, NULL, NULL, NULL, NULL),
(435, 31, 1, '2015-06-12 02:30:00', '2015-06-12 03:30:00', '0000-00-00 00:00:00', '0000-00-00 00:00:00', NULL, 0, NULL, NULL, NULL, NULL, NULL, NULL, NULL, NULL, NULL, NULL, NULL, NULL, NULL, NULL),
(436, 31, 1, '2015-06-19 02:30:00', '2015-06-19 03:30:00', '0000-00-00 00:00:00', '0000-00-00 00:00:00', NULL, 0, NULL, NULL, NULL, NULL, NULL, NULL, NULL, NULL, NULL, NULL, NULL, NULL, NULL, NULL),
(437, 31, 1, '2015-06-26 02:30:00', '2015-06-26 03:30:00', '0000-00-00 00:00:00', '0000-00-00 00:00:00', NULL, 0, NULL, NULL, NULL, NULL, NULL, NULL, NULL, NULL, NULL, NULL, NULL, NULL, NULL, NULL),
(438, 31, 1, '2015-07-03 02:30:00', '2015-07-03 03:30:00', '0000-00-00 00:00:00', '0000-00-00 00:00:00', NULL, 0, NULL, NULL, NULL, NULL, NULL, NULL, NULL, NULL, NULL, NULL, NULL, NULL, NULL, NULL),
(439, 31, 1, '2015-07-10 02:30:00', '2015-07-10 03:30:00', '0000-00-00 00:00:00', '0000-00-00 00:00:00', NULL, 0, NULL, NULL, NULL, NULL, NULL, NULL, NULL, NULL, NULL, NULL, NULL, NULL, NULL, NULL),
(440, 31, 1, '2015-07-17 02:30:00', '2015-07-17 03:30:00', '0000-00-00 00:00:00', '0000-00-00 00:00:00', NULL, 0, NULL, NULL, NULL, NULL, NULL, NULL, NULL, NULL, NULL, NULL, NULL, NULL, NULL, NULL),
(441, 31, 1, '2015-07-24 02:30:00', '2015-07-24 03:30:00', '0000-00-00 00:00:00', '0000-00-00 00:00:00', NULL, 0, NULL, NULL, NULL, NULL, NULL, NULL, NULL, NULL, NULL, NULL, NULL, NULL, NULL, NULL),
(442, 31, 1, '2015-07-31 02:30:00', '2015-07-31 03:30:00', '0000-00-00 00:00:00', '0000-00-00 00:00:00', NULL, 0, NULL, NULL, NULL, NULL, NULL, NULL, NULL, NULL, NULL, NULL, NULL, NULL, NULL, NULL),
(443, 31, 1, '2015-08-07 02:30:00', '2015-08-07 03:30:00', '0000-00-00 00:00:00', '0000-00-00 00:00:00', NULL, 0, NULL, NULL, NULL, NULL, NULL, NULL, NULL, NULL, NULL, NULL, NULL, NULL, NULL, NULL),
(444, 31, 1, '2015-08-14 02:30:00', '2015-08-14 03:30:00', '0000-00-00 00:00:00', '0000-00-00 00:00:00', NULL, 0, NULL, NULL, NULL, NULL, NULL, NULL, NULL, NULL, NULL, NULL, NULL, NULL, NULL, NULL),
(445, 31, 1, '2015-08-21 02:30:00', '2015-08-21 03:30:00', '0000-00-00 00:00:00', '0000-00-00 00:00:00', NULL, 0, NULL, NULL, NULL, NULL, NULL, NULL, NULL, NULL, NULL, NULL, NULL, NULL, NULL, NULL),
(446, 31, 1, '2015-08-28 02:30:00', '2015-08-28 03:30:00', '0000-00-00 00:00:00', '0000-00-00 00:00:00', NULL, 0, NULL, NULL, NULL, NULL, NULL, NULL, NULL, NULL, NULL, NULL, NULL, NULL, NULL, NULL),
(447, 31, 1, '2015-09-04 02:30:00', '2015-09-04 03:30:00', '0000-00-00 00:00:00', '0000-00-00 00:00:00', NULL, 0, NULL, NULL, NULL, NULL, NULL, NULL, NULL, NULL, NULL, NULL, NULL, NULL, NULL, NULL),
(448, 31, 1, '2015-09-11 02:30:00', '2015-09-11 03:30:00', '0000-00-00 00:00:00', '0000-00-00 00:00:00', NULL, 0, NULL, NULL, NULL, NULL, NULL, NULL, NULL, NULL, NULL, NULL, NULL, NULL, NULL, NULL),
(449, 31, 1, '2015-09-18 02:30:00', '2015-09-18 03:30:00', '0000-00-00 00:00:00', '0000-00-00 00:00:00', NULL, 0, NULL, NULL, NULL, NULL, NULL, NULL, NULL, NULL, NULL, NULL, NULL, NULL, NULL, NULL),
(450, 31, 1, '2015-09-25 02:30:00', '2015-09-25 03:30:00', '0000-00-00 00:00:00', '0000-00-00 00:00:00', NULL, 0, NULL, NULL, NULL, NULL, NULL, NULL, NULL, NULL, NULL, NULL, NULL, NULL, NULL, NULL),
(451, 31, 1, '2015-10-02 02:30:00', '2015-10-02 03:30:00', '0000-00-00 00:00:00', '0000-00-00 00:00:00', NULL, 0, NULL, NULL, NULL, NULL, NULL, NULL, NULL, NULL, NULL, NULL, NULL, NULL, NULL, NULL),
(452, 31, 1, '2015-10-09 02:30:00', '2015-10-09 03:30:00', '0000-00-00 00:00:00', '0000-00-00 00:00:00', NULL, 0, NULL, NULL, NULL, NULL, NULL, NULL, NULL, NULL, NULL, NULL, NULL, NULL, NULL, NULL),
(453, 31, 1, '2015-10-16 02:30:00', '2015-10-16 03:30:00', '0000-00-00 00:00:00', '0000-00-00 00:00:00', NULL, 0, NULL, NULL, NULL, NULL, NULL, NULL, NULL, NULL, NULL, NULL, NULL, NULL, NULL, NULL),
(454, 31, 1, '2015-10-23 02:30:00', '2015-10-23 03:30:00', '0000-00-00 00:00:00', '0000-00-00 00:00:00', NULL, 0, NULL, NULL, NULL, NULL, NULL, NULL, NULL, NULL, NULL, NULL, NULL, NULL, NULL, NULL),
(455, 31, 1, '2015-10-30 02:30:00', '2015-10-30 03:30:00', '0000-00-00 00:00:00', '0000-00-00 00:00:00', NULL, 0, NULL, NULL, NULL, NULL, NULL, NULL, NULL, NULL, NULL, NULL, NULL, NULL, NULL, NULL),
(456, 31, 1, '2015-11-06 02:30:00', '2015-11-06 03:30:00', '0000-00-00 00:00:00', '0000-00-00 00:00:00', NULL, 0, NULL, NULL, NULL, NULL, NULL, NULL, NULL, NULL, NULL, NULL, NULL, NULL, NULL, NULL),
(457, 31, 1, '2015-11-13 02:30:00', '2015-11-13 03:30:00', '0000-00-00 00:00:00', '0000-00-00 00:00:00', NULL, 0, NULL, NULL, NULL, NULL, NULL, NULL, NULL, NULL, NULL, NULL, NULL, NULL, NULL, NULL),
(458, 31, 1, '2015-11-20 02:30:00', '2015-11-20 03:30:00', '0000-00-00 00:00:00', '0000-00-00 00:00:00', NULL, 0, NULL, NULL, NULL, NULL, NULL, NULL, NULL, NULL, NULL, NULL, NULL, NULL, NULL, NULL),
(459, 31, 1, '2015-11-27 02:30:00', '2015-11-27 03:30:00', '0000-00-00 00:00:00', '0000-00-00 00:00:00', NULL, 0, NULL, NULL, NULL, NULL, NULL, NULL, NULL, NULL, NULL, NULL, NULL, NULL, NULL, NULL),
(460, 31, 1, '2015-12-04 02:30:00', '2015-12-04 03:30:00', '0000-00-00 00:00:00', '0000-00-00 00:00:00', NULL, 0, NULL, NULL, NULL, NULL, NULL, NULL, NULL, NULL, NULL, NULL, NULL, NULL, NULL, NULL),
(461, 31, 1, '2015-12-11 02:30:00', '2015-12-11 03:30:00', '0000-00-00 00:00:00', '0000-00-00 00:00:00', NULL, 0, NULL, NULL, NULL, NULL, NULL, NULL, NULL, NULL, NULL, NULL, NULL, NULL, NULL, NULL),
(462, 31, 1, '2015-12-18 02:30:00', '2015-12-18 03:30:00', '0000-00-00 00:00:00', '0000-00-00 00:00:00', NULL, 0, NULL, NULL, NULL, NULL, NULL, NULL, NULL, NULL, NULL, NULL, NULL, NULL, NULL, NULL),
(463, 31, 1, '2015-12-25 02:30:00', '2015-12-25 03:30:00', '0000-00-00 00:00:00', '0000-00-00 00:00:00', NULL, 0, NULL, NULL, NULL, NULL, NULL, NULL, NULL, NULL, NULL, NULL, NULL, NULL, NULL, NULL),
(464, 31, 1, '2016-01-01 02:30:00', '2016-01-01 03:30:00', '0000-00-00 00:00:00', '0000-00-00 00:00:00', NULL, 0, NULL, NULL, NULL, NULL, NULL, NULL, NULL, NULL, NULL, NULL, NULL, NULL, NULL, NULL),
(465, 31, 1, '2016-01-08 02:30:00', '2016-01-08 03:30:00', '0000-00-00 00:00:00', '0000-00-00 00:00:00', NULL, 0, NULL, NULL, NULL, NULL, NULL, NULL, NULL, NULL, NULL, NULL, NULL, NULL, NULL, NULL),
(466, 31, 1, '2016-01-15 02:30:00', '2016-01-15 03:30:00', '0000-00-00 00:00:00', '0000-00-00 00:00:00', NULL, 0, NULL, NULL, NULL, NULL, NULL, NULL, NULL, NULL, NULL, NULL, NULL, NULL, NULL, NULL),
(467, 31, 1, '2016-01-22 02:30:00', '2016-01-22 03:30:00', '0000-00-00 00:00:00', '0000-00-00 00:00:00', NULL, 0, NULL, NULL, NULL, NULL, NULL, NULL, NULL, NULL, NULL, NULL, NULL, NULL, NULL, NULL),
(468, 31, 1, '2016-01-29 02:30:00', '2016-01-29 03:30:00', '0000-00-00 00:00:00', '0000-00-00 00:00:00', NULL, 0, NULL, NULL, NULL, NULL, NULL, NULL, NULL, NULL, NULL, NULL, NULL, NULL, NULL, NULL),
(469, 31, 1, '2016-02-05 02:30:00', '2016-02-05 03:30:00', '0000-00-00 00:00:00', '0000-00-00 00:00:00', NULL, 0, NULL, NULL, NULL, NULL, NULL, NULL, NULL, NULL, NULL, NULL, NULL, NULL, NULL, NULL),
(470, 31, 1, '2016-02-12 02:30:00', '2016-02-12 03:30:00', '0000-00-00 00:00:00', '0000-00-00 00:00:00', NULL, 0, NULL, NULL, NULL, NULL, NULL, NULL, NULL, NULL, NULL, NULL, NULL, NULL, NULL, NULL),
(471, 31, 1, '2016-02-19 02:30:00', '2016-02-19 03:30:00', '0000-00-00 00:00:00', '0000-00-00 00:00:00', NULL, 0, NULL, NULL, NULL, NULL, NULL, NULL, NULL, NULL, NULL, NULL, NULL, NULL, NULL, NULL);

-- --------------------------------------------------------

--
-- Table structure for table `lesson_request`
--

CREATE TABLE IF NOT EXISTS `lesson_request` (
  `id` int(11) NOT NULL AUTO_INCREMENT,
  `student_id` int(11) NOT NULL,
  `teacher_id` int(11) DEFAULT NULL,
  `start_date` date DEFAULT NULL,
  `end_date` date DEFAULT NULL,
  `cost` double DEFAULT NULL,
  `currency_id` int(11) DEFAULT NULL,
  `notes` text,
  `status` int(11) NOT NULL DEFAULT '0',
  PRIMARY KEY (`id`),
  KEY `lessons_request_student_id` (`student_id`),
  KEY `lessons_request_teacher_id` (`teacher_id`)
) ENGINE=InnoDB  DEFAULT CHARSET=latin1 AUTO_INCREMENT=11 ;

--
-- Dumping data for table `lesson_request`
--

INSERT INTO `lesson_request` (`id`, `student_id`, `teacher_id`, `start_date`, `end_date`, `cost`, `currency_id`, `notes`, `status`) VALUES
(1, 9, 1, NULL, NULL, NULL, NULL, NULL, 0),
(2, 11, 1, NULL, NULL, NULL, NULL, NULL, 0),
(3, 13, 1, '2015-02-21', '2016-02-20', 22, 0, NULL, 1),
(4, 14, 1, NULL, NULL, NULL, NULL, NULL, 0),
(6, 21, 1, '2015-03-02', '2016-02-29', 45, 0, NULL, 1),
(7, 22, 1, NULL, NULL, NULL, NULL, NULL, 0),
(9, 30, 1, '2015-02-28', '2016-02-27', NULL, 0, NULL, 1),
(10, 31, 1, '2015-02-27', '2016-02-26', NULL, 0, NULL, 1);

-- --------------------------------------------------------

--
-- Table structure for table `lesson_request_time_slot`
--

CREATE TABLE IF NOT EXISTS `lesson_request_time_slot` (
  `id` int(11) NOT NULL AUTO_INCREMENT,
  `lesson_request_id` int(11) NOT NULL,
  `day` int(1) NOT NULL,
  `from` time NOT NULL,
  `to` time NOT NULL,
  PRIMARY KEY (`id`),
  KEY `lesson_request_id` (`lesson_request_id`)
) ENGINE=InnoDB  DEFAULT CHARSET=latin1 AUTO_INCREMENT=15 ;

--
-- Dumping data for table `lesson_request_time_slot`
--

INSERT INTO `lesson_request_time_slot` (`id`, `lesson_request_id`, `day`, `from`, `to`) VALUES
(1, 3, 2, '18:08:43', '18:08:43'),
(2, 3, 2, '18:08:43', '18:08:43'),
(3, 3, 0, '02:51:06', '02:51:06'),
(6, 6, 2, '18:08:43', '02:51:06'),
(7, 7, 0, '11:00:00', '11:45:00'),
(10, 9, 0, '12:30:00', '02:30:00'),
(11, 10, 3, '03:30:00', '07:30:00'),
(12, 10, 4, '03:30:00', '05:30:00'),
(13, 10, 5, '03:30:00', '04:30:00'),
(14, 10, 6, '04:30:00', '05:30:00');

-- --------------------------------------------------------

--
-- Table structure for table `student`
--

CREATE TABLE IF NOT EXISTS `student` (
  `id` int(11) NOT NULL AUTO_INCREMENT,
  `first_name` varchar(100) NOT NULL,
  `last_name` varchar(100) NOT NULL,
  `phone_no` varchar(100) NOT NULL,
  `email` varchar(100) NOT NULL,
  `skype_id` varchar(100) NOT NULL,
  `username` varchar(100) NOT NULL,
  `password` varchar(500) CHARACTER SET latin1 NOT NULL,
  `age` int(11) NOT NULL,
  `country` varchar(100) NOT NULL,
  `city` varchar(100) NOT NULL,
  `gender` tinyint(1) NOT NULL,
  `class_package` int(1) NOT NULL,
  `hear_us` varchar(100) NOT NULL,
  `image` varchar(100) NOT NULL,
  `quran_course` tinyint(1) DEFAULT '0',
  `arabic_course` tinyint(1) DEFAULT '0',
  `guardians_name` varchar(300) NOT NULL,
  `notes` text NOT NULL,
  PRIMARY KEY (`id`),
  UNIQUE KEY `email` (`email`,`username`)
) ENGINE=InnoDB  DEFAULT CHARSET=utf8 AUTO_INCREMENT=32 ;

--
-- Dumping data for table `student`
--

INSERT INTO `student` (`id`, `first_name`, `last_name`, `phone_no`, `email`, `skype_id`, `username`, `password`, `age`, `country`, `city`, `gender`, `class_package`, `hear_us`, `image`, `quran_course`, `arabic_course`, `guardians_name`, `notes`) VALUES
(1, 'Samir', 'Samir', '01112828609', 'mhmdsamir92@gmail.com', 'mohamedsamir92_10', 'mohamedsamir92_10', '0121286546', 22, 'egypt', 'cairo', 0, 1, 'Men shaker 3ady :D :v ', '20150116030102.jpg', 1, 1, 'Baba we mama :v', 'Enta ragel prince'),
(2, 'Test', 'Test', 'Test', 'Test', 'Test', 'Test', '0121286546', 12, 'Test', 'Test', 0, 1, 'Test', '20150116040108.jpg', 1, 1, 'Test', 'Test'),
(3, 'jfkdjfkd', 'fjkdjfk', 'jfkdjkf', 'jfkdjfkd', 'jfkdjfk', 'jfkdjfk', 'jfkdjfk', 22, 'jfkdjfk', 'jkfdjkfj', 0, 1, 'facebook', '20150124130154.jpg', 1, 1, 'jfkdfjk', 'jfkdjfkd'),
(8, 'Mohamed', 'Samirnew', '01112828609', 'mhmdsamir92@gmail.com', 'egypt', 'mohamedsamir', '$2a$13$dj5nkVRHGVjHHsTgkmGhjO/kGixcUzIKNPeRDeX2c6JGsxVS2w7ii', 24, 'egypt', 'cairo', 0, 1, 'facebook', '20150128180134.jpg', 1, 1, 'Baba We Mama', 'fdfdf'),
(9, 'New', 'Student', '01112828609', 'mhmdsamir91@gmail.com', 'mohamedsamir92_11', 'NewStudent', '$2a$13$lOrhMHjuDyHGc.H02dLMpe6GD.bdg01bZkPXSkGLPHT5LDivQS/kC', 22, 'egypt', 'cairo', 0, 2, 'facebook', '20150207010250.jpg', 1, 1, 'skjdsjdks', 'fklkld'),
(11, 'New', 'Student', '01112828609', 'mhmdsamir90@gmail.com', 'mohamedsamir92_11', 'NewStudent2', '$2a$13$bns7tIl35GCBaVwc9N/6JuOiRgGVz5Bru6ZVdRp6PAafxYsuBTwcq', 22, 'egypt', 'cairo', 0, 2, 'facebook', '20150207020256.jpg', 1, 1, 'skjdsjdks', 'fklkld'),
(13, 'New', 'Student', '01112828609', 'mhmdsamir89@gmail.com', 'mohamedsamir92_11', 'NewStudent3', '$2a$13$5KujvdpJwJcJuVK6TMOvTOhizlQ8bc/eYixBTZgkeO32/QY/p9L7W', 22, 'egypt', 'cairo', 0, 2, 'facebook', '20150207020247.jpg', 1, 1, 'skjdsjdks', 'fklkld'),
(14, 'Ahmed', 'Ahmed', '0111111111', 'ahmed@kdlskd1.com', 'ahmed', 'Ahmed', '$2a$13$IaDsGxLX6sa88c/QDRmIhetAtUQHvX0ut5Xlszumj20EFnQ1/dBVS', 22, 'egypt', 'cairo', 0, 2, 'facebook', '20150207020218.jpg', 1, 1, 'lkldkfldkl', 'fkdlkfdlkfl'),
(16, 'Ahmed', 'Ahmed', '0111111111', 'ahmed@kdlskd.com', 'ahmed', 'Ahmed', '$2a$13$pxuwEdjnNhT6ZkYgHxiWQuhFjP86xGAaRNAXv2oMJGTYOHPdlhz36', 22, 'egypt', 'cairo', 0, 2, 'facebook', '20150207030238.jpg', 1, 1, 'lkldkfldkl', 'fkdlkfdlkfl'),
(21, 'Mohamed', 'Shaker', '01112828609', 'shaker@gmail.com', 'shaker', 'mohamedshaker', '$2a$13$NLS6N7cIYECk91uREUByYe7xq/LkiQwiQl6Vo7JMxaehLrfvBg4PW', 25, 'egypt', 'cairo', 0, 1, 'facebook', '20150217200211.jpg', 1, 1, 'fkdlfkdlfdkl', 'fkldkfllk'),
(22, 'Moaz', 'Masry', '0111111111', 'moaz@gmail', '123', 'moaz', '$2a$13$L17XMwXogKAnHvkEfZPlo.wbmiAxA94mEgPeHyAZq7VYY2Fj203Ai', 12, 'egypt', 'cairo', 0, 2, 'facebook', '20150221210220.jpg', 1, 1, 'fdlfkdlfkdl', 'kfldkfldklfd'),
(30, 'Mohamed', 'Samir', '01112828609', 'm5ohmed_samir_rabey@yahoo.com', 'mohamedsamir92_10', 'mhmdsamir', '$2a$13$pJ3C./wL25OP.1DFT/2ZHeNdRGyu9/bKRJ2eeAOlrNNiDnFE3zETO', 23, 'egypt', 'cairo', 0, 1, 'facebook', 'no-image.jpg', 1, 0, 'fdfd', 'fdfdfdfdf'),
(31, 'Ahmed', 'Ahmed', '0111111111', 'ahmed@kdlskd.com', 'aa', 'ahmed123', '$2a$13$3u2OsL6PMqIoDIJq246D6eWUayHPDYHUZMsapTPBUCK4dDZ5/wqo.', 28, 'egypt', 'cairo', 0, 4, 'facebook', 'no-image.jpg', 1, 1, 'jkdjfkdjfk', 'jfdkfjdkfdjk');

-- --------------------------------------------------------

--
-- Table structure for table `supervisor`
--

CREATE TABLE IF NOT EXISTS `supervisor` (
  `id` int(11) NOT NULL AUTO_INCREMENT,
  `first_name` varchar(100) NOT NULL,
  `last_name` varchar(100) NOT NULL,
  `phone_no` varchar(100) NOT NULL,
  `email` varchar(100) NOT NULL,
  `skype_id` varchar(100) NOT NULL,
  `username` varchar(100) NOT NULL,
  `password` varchar(40) CHARACTER SET latin1 NOT NULL,
  `age` int(11) NOT NULL,
  `country` varchar(100) NOT NULL,
  `city` varchar(100) NOT NULL,
  `gender` tinyint(1) NOT NULL,
  `image` varchar(100) NOT NULL,
  `quran_course` tinyint(1) NOT NULL,
  `arabic_course` tinyint(1) NOT NULL,
  `spoken_languages` varchar(200) NOT NULL,
  `experience` varchar(300) NOT NULL,
  `notes` text NOT NULL,
  PRIMARY KEY (`id`),
  UNIQUE KEY `email` (`email`,`username`)
) ENGINE=InnoDB DEFAULT CHARSET=utf8 AUTO_INCREMENT=1 ;

-- --------------------------------------------------------

--
-- Table structure for table `supervisor_time_slot`
--

CREATE TABLE IF NOT EXISTS `supervisor_time_slot` (
  `supervisor_id` int(11) NOT NULL,
  `day` int(1) NOT NULL,
  `from` time NOT NULL,
  `to` time NOT NULL,
  KEY `supervisor_id` (`supervisor_id`)
) ENGINE=InnoDB DEFAULT CHARSET=latin1;

-- --------------------------------------------------------

--
-- Table structure for table `teacher`
--

CREATE TABLE IF NOT EXISTS `teacher` (
  `id` int(11) NOT NULL AUTO_INCREMENT,
  `first_name` varchar(100) NOT NULL,
  `last_name` varchar(100) NOT NULL,
  `phone_no` varchar(100) NOT NULL,
  `email` varchar(100) NOT NULL,
  `skype_id` varchar(100) NOT NULL,
  `username` varchar(100) NOT NULL,
  `password` varchar(500) CHARACTER SET latin1 NOT NULL,
  `age` int(11) NOT NULL,
  `country` varchar(100) NOT NULL,
  `city` varchar(100) NOT NULL,
  `gender` tinyint(1) NOT NULL,
  `image` varchar(100) NOT NULL,
  `quran_course` tinyint(1) DEFAULT '0',
  `arabic_course` tinyint(1) DEFAULT '0',
  `notes` text NOT NULL,
  PRIMARY KEY (`id`),
  UNIQUE KEY `email` (`email`,`username`)
) ENGINE=InnoDB  DEFAULT CHARSET=utf8 AUTO_INCREMENT=6 ;

--
-- Dumping data for table `teacher`
--

INSERT INTO `teacher` (`id`, `first_name`, `last_name`, `phone_no`, `email`, `skype_id`, `username`, `password`, `age`, `country`, `city`, `gender`, `image`, `quran_course`, `arabic_course`, `notes`) VALUES
(1, 'Mohamed ', 'Samir', '01112828609', 'mohmed_samir_rabey@yahoo.com', 'moh', 'mohamed', '0121286546', 22, 'Egypt', 'cairo', 0, '20150124230135.jpg', 1, 1, 'fkdlfkdlf'),
(2, 'Mohamed', 'Samir', '01112828609', 'mhmdsamir92@gmail.com', 'Egypt', 'mohamedsamir', '$2a$13$E4TaHAWSKPOokHQGihEFL.e7fngRZX.gqIB1gjRl9KRo/0X2PtAeC', 24, 'Egypt', 'cairo', 0, '20150126230139.jpg', 1, 0, 'ana teacher gamed el senen ya wlad el teeet :P '),
(4, 'Teacher', 'teacher', '01111111111', 'teacher@gfgf', 'teach', 'teacher', '$2a$13$j2uNVkEf46CN6wKPxb72MOAOspyru6rgXIUBHjs1QJu01cS/COVy2', 22, 'Egypt', 'cairo', 0, 'no-image.jpg', 1, 1, 'klklklklkl');

-- --------------------------------------------------------

--
-- Table structure for table `teacher_time_slot`
--

CREATE TABLE IF NOT EXISTS `teacher_time_slot` (
  `id` int(11) NOT NULL AUTO_INCREMENT,
  `teacher_id` int(11) NOT NULL,
  `day` int(1) NOT NULL,
  `from` time NOT NULL,
  `to` time NOT NULL,
  PRIMARY KEY (`id`),
  KEY `teacher_id` (`teacher_id`)
) ENGINE=InnoDB  DEFAULT CHARSET=latin1 AUTO_INCREMENT=7 ;

--
-- Dumping data for table `teacher_time_slot`
--

INSERT INTO `teacher_time_slot` (`id`, `teacher_id`, `day`, `from`, `to`) VALUES
(1, 2, 1, '17:21:11', '17:51:11'),
(2, 1, 2, '18:08:43', '18:08:43'),
(3, 1, 4, '02:51:06', '02:51:06'),
(4, 4, 4, '05:30:00', '07:30:00'),
(5, 4, 5, '09:30:00', '11:30:00'),
(6, 4, 6, '02:30:00', '09:30:00');

-- --------------------------------------------------------

--
-- Table structure for table `test`
--

CREATE TABLE IF NOT EXISTS `test` (
  `date` timestamp NOT NULL DEFAULT CURRENT_TIMESTAMP ON UPDATE CURRENT_TIMESTAMP
) ENGINE=InnoDB DEFAULT CHARSET=latin1;

--
-- Dumping data for table `test`
--

INSERT INTO `test` (`date`) VALUES
('0000-00-00 00:00:00'),
('2015-02-16 15:12:13');

--
-- Constraints for dumped tables
--

--
-- Constraints for table `admin_time_slot`
--
ALTER TABLE `admin_time_slot`
  ADD CONSTRAINT `admin_time_slot_ibfk_1` FOREIGN KEY (`admin_id`) REFERENCES `admin` (`id`);

--
-- Constraints for table `lesson`
--
ALTER TABLE `lesson`
  ADD CONSTRAINT `student_reference` FOREIGN KEY (`student_id`) REFERENCES `student` (`id`),
  ADD CONSTRAINT `teacher_reference` FOREIGN KEY (`teacher_id`) REFERENCES `teacher` (`id`);

--
-- Constraints for table `lesson_request`
--
ALTER TABLE `lesson_request`
  ADD CONSTRAINT `lessons_request_student_id` FOREIGN KEY (`student_id`) REFERENCES `student` (`id`),
  ADD CONSTRAINT `lessons_request_teacher_id` FOREIGN KEY (`teacher_id`) REFERENCES `teacher` (`id`);

--
-- Constraints for table `lesson_request_time_slot`
--
ALTER TABLE `lesson_request_time_slot`
  ADD CONSTRAINT `lesson_request_time_slot_ibfk_1` FOREIGN KEY (`lesson_request_id`) REFERENCES `lesson_request` (`id`) ON DELETE CASCADE ON UPDATE CASCADE;

--
-- Constraints for table `supervisor_time_slot`
--
ALTER TABLE `supervisor_time_slot`
  ADD CONSTRAINT `supervisor_time_slot_ibfk_1` FOREIGN KEY (`supervisor_id`) REFERENCES `supervisor` (`id`);

--
-- Constraints for table `teacher_time_slot`
--
ALTER TABLE `teacher_time_slot`
  ADD CONSTRAINT `teacher_time_slot_ibfk_1` FOREIGN KEY (`teacher_id`) REFERENCES `teacher` (`id`);

/*!40101 SET CHARACTER_SET_CLIENT=@OLD_CHARACTER_SET_CLIENT */;
/*!40101 SET CHARACTER_SET_RESULTS=@OLD_CHARACTER_SET_RESULTS */;
/*!40101 SET COLLATION_CONNECTION=@OLD_COLLATION_CONNECTION */;
