-- phpMyAdmin SQL Dump
-- version 3.5.8.1
-- http://www.phpmyadmin.net
--
-- Host: 127.0.0.1
-- Generation Time: Feb 16, 2015 at 07:26 PM
-- Server version: 5.6.11-log
-- PHP Version: 5.4.14

SET SQL_MODE="NO_AUTO_VALUE_ON_ZERO";
SET time_zone = "+00:00";


/*!40101 SET @OLD_CHARACTER_SET_CLIENT=@@CHARACTER_SET_CLIENT */;
/*!40101 SET @OLD_CHARACTER_SET_RESULTS=@@CHARACTER_SET_RESULTS */;
/*!40101 SET @OLD_COLLATION_CONNECTION=@@COLLATION_CONNECTION */;
/*!40101 SET NAMES utf8 */;

--
-- Database: `islamonline`
--

-- --------------------------------------------------------

--
-- Table structure for table `admin`
--

CREATE TABLE IF NOT EXISTS `admin` (
  `id` int(11) NOT NULL AUTO_INCREMENT,
  `first_name` varchar(100) NOT NULL,
  `last_name` varchar(100) NOT NULL,
  `phone_no` varchar(100) NOT NULL,
  `email` varchar(100) NOT NULL,
  `skype_id` varchar(100) NOT NULL,
  `username` varchar(100) NOT NULL,
  `password` varchar(500) CHARACTER SET latin1 NOT NULL,
  `age` int(11) NOT NULL,
  `country` varchar(100) NOT NULL,
  `city` varchar(100) NOT NULL,
  `gender` tinyint(1) NOT NULL,
  `image` varchar(100) NOT NULL,
  `notes` text NOT NULL,
  PRIMARY KEY (`id`),
  UNIQUE KEY `email` (`email`,`username`)
) ENGINE=InnoDB  DEFAULT CHARSET=utf8 AUTO_INCREMENT=3 ;

--
-- Dumping data for table `admin`
--

INSERT INTO `admin` (`id`, `first_name`, `last_name`, `phone_no`, `email`, `skype_id`, `username`, `password`, `age`, `country`, `city`, `gender`, `image`, `notes`) VALUES
(2, 'Mohamed', 'SamirElAdmin', '0111282860', 'mhmdsamir92@gmail.com', 'Egypt', 'mohamedsamir', '$2a$13$mUurEZTQbWCGcZ/hdMPbveAW3RxGe9LFIJHynFrPgcb8rM9Qx9.AO', 24, 'egypt', 'CAIRO', 0, '20150127000117.jpg', 'Men el nahrda mafesh admin ... ana el admin ... h3h3');

-- --------------------------------------------------------

--
-- Table structure for table `admin_time_slot`
--

CREATE TABLE IF NOT EXISTS `admin_time_slot` (
  `admin_id` int(11) NOT NULL,
  `day` int(1) NOT NULL,
  `from` time NOT NULL,
  `to` time NOT NULL,
  KEY `admin_id` (`admin_id`)
) ENGINE=InnoDB DEFAULT CHARSET=latin1;

-- --------------------------------------------------------

--
-- Table structure for table `currency`
--

CREATE TABLE IF NOT EXISTS `currency` (
  `id` int(11) NOT NULL AUTO_INCREMENT,
  `name` varchar(100) NOT NULL,
  `sign` varchar(100) NOT NULL,
  PRIMARY KEY (`id`),
  UNIQUE KEY `name` (`name`,`sign`)
) ENGINE=InnoDB DEFAULT CHARSET=latin1 AUTO_INCREMENT=1 ;

-- --------------------------------------------------------

--
-- Table structure for table `lesson`
--

CREATE TABLE IF NOT EXISTS `lesson` (
  `id` int(11) NOT NULL AUTO_INCREMENT,
  `student_id` int(11) NOT NULL,
  `teacher_id` int(11) NOT NULL,
  `expected_start_time` timestamp NOT NULL DEFAULT CURRENT_TIMESTAMP ON UPDATE CURRENT_TIMESTAMP,
  `expected_end_time` timestamp NOT NULL DEFAULT '0000-00-00 00:00:00',
  `actual_start_time` timestamp NULL DEFAULT '0000-00-00 00:00:00',
  `actual_end_time` timestamp NULL DEFAULT '0000-00-00 00:00:00',
  `cost` double NOT NULL,
  `currency_id` int(11) NOT NULL,
  `actual_start_ayah` int(3) DEFAULT NULL,
  `actual_end_ayah` int(3) DEFAULT NULL,
  `actual_start_surah` int(3) DEFAULT NULL,
  `actual_end_surah` int(3) DEFAULT NULL,
  `front_revision_start_ayah` int(3) DEFAULT NULL,
  `front_revision_end_ayah` int(3) DEFAULT NULL,
  `front_revision_start_surah` int(3) DEFAULT NULL,
  `front_revision_end_surah` int(3) DEFAULT NULL,
  `back_revision_start_ayah` int(3) DEFAULT NULL,
  `back_revision_end_ayah` int(3) DEFAULT NULL,
  `back_revision_start_surah` int(3) DEFAULT NULL,
  `back_revision_end_surah` int(3) DEFAULT NULL,
  `grade` double DEFAULT NULL,
  `notes` text,
  PRIMARY KEY (`id`)
) ENGINE=InnoDB  DEFAULT CHARSET=utf8 AUTO_INCREMENT=159 ;

--
-- Dumping data for table `lesson`
--

INSERT INTO `lesson` (`id`, `student_id`, `teacher_id`, `expected_start_time`, `expected_end_time`, `actual_start_time`, `actual_end_time`, `cost`, `currency_id`, `actual_start_ayah`, `actual_end_ayah`, `actual_start_surah`, `actual_end_surah`, `front_revision_start_ayah`, `front_revision_end_ayah`, `front_revision_start_surah`, `front_revision_end_surah`, `back_revision_start_ayah`, `back_revision_end_ayah`, `back_revision_start_surah`, `back_revision_end_surah`, `grade`, `notes`) VALUES
(1, 13, 1, '2015-02-16 16:08:00', '2015-02-16 16:08:00', '0000-00-00 00:00:00', '0000-00-00 00:00:00', 22, 0, NULL, NULL, NULL, NULL, NULL, NULL, NULL, NULL, NULL, NULL, NULL, NULL, NULL, NULL),
(2, 13, 1, '2015-02-23 16:08:00', '2015-02-23 16:08:00', '0000-00-00 00:00:00', '0000-00-00 00:00:00', 22, 0, NULL, NULL, NULL, NULL, NULL, NULL, NULL, NULL, NULL, NULL, NULL, NULL, NULL, NULL),
(3, 13, 1, '2015-03-02 16:08:00', '2015-03-02 16:08:00', '0000-00-00 00:00:00', '0000-00-00 00:00:00', 22, 0, NULL, NULL, NULL, NULL, NULL, NULL, NULL, NULL, NULL, NULL, NULL, NULL, NULL, NULL),
(4, 13, 1, '2015-03-09 16:08:00', '2015-03-09 16:08:00', '0000-00-00 00:00:00', '0000-00-00 00:00:00', 22, 0, NULL, NULL, NULL, NULL, NULL, NULL, NULL, NULL, NULL, NULL, NULL, NULL, NULL, NULL),
(5, 13, 1, '2015-03-16 16:08:00', '2015-03-16 16:08:00', '0000-00-00 00:00:00', '0000-00-00 00:00:00', 22, 0, NULL, NULL, NULL, NULL, NULL, NULL, NULL, NULL, NULL, NULL, NULL, NULL, NULL, NULL),
(6, 13, 1, '2015-03-23 16:08:00', '2015-03-23 16:08:00', '0000-00-00 00:00:00', '0000-00-00 00:00:00', 22, 0, NULL, NULL, NULL, NULL, NULL, NULL, NULL, NULL, NULL, NULL, NULL, NULL, NULL, NULL),
(7, 13, 1, '2015-03-30 16:08:00', '2015-03-30 16:08:00', '0000-00-00 00:00:00', '0000-00-00 00:00:00', 22, 0, NULL, NULL, NULL, NULL, NULL, NULL, NULL, NULL, NULL, NULL, NULL, NULL, NULL, NULL),
(8, 13, 1, '2015-04-06 16:08:00', '2015-04-06 16:08:00', '0000-00-00 00:00:00', '0000-00-00 00:00:00', 22, 0, NULL, NULL, NULL, NULL, NULL, NULL, NULL, NULL, NULL, NULL, NULL, NULL, NULL, NULL),
(9, 13, 1, '2015-04-13 16:08:00', '2015-04-13 16:08:00', '0000-00-00 00:00:00', '0000-00-00 00:00:00', 22, 0, NULL, NULL, NULL, NULL, NULL, NULL, NULL, NULL, NULL, NULL, NULL, NULL, NULL, NULL),
(10, 13, 1, '2015-04-20 16:08:00', '2015-04-20 16:08:00', '0000-00-00 00:00:00', '0000-00-00 00:00:00', 22, 0, NULL, NULL, NULL, NULL, NULL, NULL, NULL, NULL, NULL, NULL, NULL, NULL, NULL, NULL),
(11, 13, 1, '2015-04-27 16:08:00', '2015-04-27 16:08:00', '0000-00-00 00:00:00', '0000-00-00 00:00:00', 22, 0, NULL, NULL, NULL, NULL, NULL, NULL, NULL, NULL, NULL, NULL, NULL, NULL, NULL, NULL),
(12, 13, 1, '2015-05-04 16:08:00', '2015-05-04 16:08:00', '0000-00-00 00:00:00', '0000-00-00 00:00:00', 22, 0, NULL, NULL, NULL, NULL, NULL, NULL, NULL, NULL, NULL, NULL, NULL, NULL, NULL, NULL),
(13, 13, 1, '2015-05-11 16:08:00', '2015-05-11 16:08:00', '0000-00-00 00:00:00', '0000-00-00 00:00:00', 22, 0, NULL, NULL, NULL, NULL, NULL, NULL, NULL, NULL, NULL, NULL, NULL, NULL, NULL, NULL),
(14, 13, 1, '2015-05-18 16:08:00', '2015-05-18 16:08:00', '0000-00-00 00:00:00', '0000-00-00 00:00:00', 22, 0, NULL, NULL, NULL, NULL, NULL, NULL, NULL, NULL, NULL, NULL, NULL, NULL, NULL, NULL),
(15, 13, 1, '2015-05-25 16:08:00', '2015-05-25 16:08:00', '0000-00-00 00:00:00', '0000-00-00 00:00:00', 22, 0, NULL, NULL, NULL, NULL, NULL, NULL, NULL, NULL, NULL, NULL, NULL, NULL, NULL, NULL),
(16, 13, 1, '2015-06-01 16:08:00', '2015-06-01 16:08:00', '0000-00-00 00:00:00', '0000-00-00 00:00:00', 22, 0, NULL, NULL, NULL, NULL, NULL, NULL, NULL, NULL, NULL, NULL, NULL, NULL, NULL, NULL),
(17, 13, 1, '2015-06-08 16:08:00', '2015-06-08 16:08:00', '0000-00-00 00:00:00', '0000-00-00 00:00:00', 22, 0, NULL, NULL, NULL, NULL, NULL, NULL, NULL, NULL, NULL, NULL, NULL, NULL, NULL, NULL),
(18, 13, 1, '2015-06-15 16:08:00', '2015-06-15 16:08:00', '0000-00-00 00:00:00', '0000-00-00 00:00:00', 22, 0, NULL, NULL, NULL, NULL, NULL, NULL, NULL, NULL, NULL, NULL, NULL, NULL, NULL, NULL),
(19, 13, 1, '2015-06-22 16:08:00', '2015-06-22 16:08:00', '0000-00-00 00:00:00', '0000-00-00 00:00:00', 22, 0, NULL, NULL, NULL, NULL, NULL, NULL, NULL, NULL, NULL, NULL, NULL, NULL, NULL, NULL),
(20, 13, 1, '2015-06-29 16:08:00', '2015-06-29 16:08:00', '0000-00-00 00:00:00', '0000-00-00 00:00:00', 22, 0, NULL, NULL, NULL, NULL, NULL, NULL, NULL, NULL, NULL, NULL, NULL, NULL, NULL, NULL),
(21, 13, 1, '2015-07-06 16:08:00', '2015-07-06 16:08:00', '0000-00-00 00:00:00', '0000-00-00 00:00:00', 22, 0, NULL, NULL, NULL, NULL, NULL, NULL, NULL, NULL, NULL, NULL, NULL, NULL, NULL, NULL),
(22, 13, 1, '2015-07-13 16:08:00', '2015-07-13 16:08:00', '0000-00-00 00:00:00', '0000-00-00 00:00:00', 22, 0, NULL, NULL, NULL, NULL, NULL, NULL, NULL, NULL, NULL, NULL, NULL, NULL, NULL, NULL),
(23, 13, 1, '2015-07-20 16:08:00', '2015-07-20 16:08:00', '0000-00-00 00:00:00', '0000-00-00 00:00:00', 22, 0, NULL, NULL, NULL, NULL, NULL, NULL, NULL, NULL, NULL, NULL, NULL, NULL, NULL, NULL),
(24, 13, 1, '2015-07-27 16:08:00', '2015-07-27 16:08:00', '0000-00-00 00:00:00', '0000-00-00 00:00:00', 22, 0, NULL, NULL, NULL, NULL, NULL, NULL, NULL, NULL, NULL, NULL, NULL, NULL, NULL, NULL),
(25, 13, 1, '2015-08-03 16:08:00', '2015-08-03 16:08:00', '0000-00-00 00:00:00', '0000-00-00 00:00:00', 22, 0, NULL, NULL, NULL, NULL, NULL, NULL, NULL, NULL, NULL, NULL, NULL, NULL, NULL, NULL),
(26, 13, 1, '2015-08-10 16:08:00', '2015-08-10 16:08:00', '0000-00-00 00:00:00', '0000-00-00 00:00:00', 22, 0, NULL, NULL, NULL, NULL, NULL, NULL, NULL, NULL, NULL, NULL, NULL, NULL, NULL, NULL),
(27, 13, 1, '2015-08-17 16:08:00', '2015-08-17 16:08:00', '0000-00-00 00:00:00', '0000-00-00 00:00:00', 22, 0, NULL, NULL, NULL, NULL, NULL, NULL, NULL, NULL, NULL, NULL, NULL, NULL, NULL, NULL),
(28, 13, 1, '2015-08-24 16:08:00', '2015-08-24 16:08:00', '0000-00-00 00:00:00', '0000-00-00 00:00:00', 22, 0, NULL, NULL, NULL, NULL, NULL, NULL, NULL, NULL, NULL, NULL, NULL, NULL, NULL, NULL),
(29, 13, 1, '2015-08-31 16:08:00', '2015-08-31 16:08:00', '0000-00-00 00:00:00', '0000-00-00 00:00:00', 22, 0, NULL, NULL, NULL, NULL, NULL, NULL, NULL, NULL, NULL, NULL, NULL, NULL, NULL, NULL),
(30, 13, 1, '2015-09-07 16:08:00', '2015-09-07 16:08:00', '0000-00-00 00:00:00', '0000-00-00 00:00:00', 22, 0, NULL, NULL, NULL, NULL, NULL, NULL, NULL, NULL, NULL, NULL, NULL, NULL, NULL, NULL),
(31, 13, 1, '2015-09-14 16:08:00', '2015-09-14 16:08:00', '0000-00-00 00:00:00', '0000-00-00 00:00:00', 22, 0, NULL, NULL, NULL, NULL, NULL, NULL, NULL, NULL, NULL, NULL, NULL, NULL, NULL, NULL),
(32, 13, 1, '2015-09-21 16:08:00', '2015-09-21 16:08:00', '0000-00-00 00:00:00', '0000-00-00 00:00:00', 22, 0, NULL, NULL, NULL, NULL, NULL, NULL, NULL, NULL, NULL, NULL, NULL, NULL, NULL, NULL),
(33, 13, 1, '2015-09-28 16:08:00', '2015-09-28 16:08:00', '0000-00-00 00:00:00', '0000-00-00 00:00:00', 22, 0, NULL, NULL, NULL, NULL, NULL, NULL, NULL, NULL, NULL, NULL, NULL, NULL, NULL, NULL),
(34, 13, 1, '2015-10-05 16:08:00', '2015-10-05 16:08:00', '0000-00-00 00:00:00', '0000-00-00 00:00:00', 22, 0, NULL, NULL, NULL, NULL, NULL, NULL, NULL, NULL, NULL, NULL, NULL, NULL, NULL, NULL),
(35, 13, 1, '2015-10-12 16:08:00', '2015-10-12 16:08:00', '0000-00-00 00:00:00', '0000-00-00 00:00:00', 22, 0, NULL, NULL, NULL, NULL, NULL, NULL, NULL, NULL, NULL, NULL, NULL, NULL, NULL, NULL),
(36, 13, 1, '2015-10-19 16:08:00', '2015-10-19 16:08:00', '0000-00-00 00:00:00', '0000-00-00 00:00:00', 22, 0, NULL, NULL, NULL, NULL, NULL, NULL, NULL, NULL, NULL, NULL, NULL, NULL, NULL, NULL),
(37, 13, 1, '2015-10-26 16:08:00', '2015-10-26 16:08:00', '0000-00-00 00:00:00', '0000-00-00 00:00:00', 22, 0, NULL, NULL, NULL, NULL, NULL, NULL, NULL, NULL, NULL, NULL, NULL, NULL, NULL, NULL),
(38, 13, 1, '2015-11-02 16:08:00', '2015-11-02 16:08:00', '0000-00-00 00:00:00', '0000-00-00 00:00:00', 22, 0, NULL, NULL, NULL, NULL, NULL, NULL, NULL, NULL, NULL, NULL, NULL, NULL, NULL, NULL),
(39, 13, 1, '2015-11-09 16:08:00', '2015-11-09 16:08:00', '0000-00-00 00:00:00', '0000-00-00 00:00:00', 22, 0, NULL, NULL, NULL, NULL, NULL, NULL, NULL, NULL, NULL, NULL, NULL, NULL, NULL, NULL),
(40, 13, 1, '2015-11-16 16:08:00', '2015-11-16 16:08:00', '0000-00-00 00:00:00', '0000-00-00 00:00:00', 22, 0, NULL, NULL, NULL, NULL, NULL, NULL, NULL, NULL, NULL, NULL, NULL, NULL, NULL, NULL),
(41, 13, 1, '2015-11-23 16:08:00', '2015-11-23 16:08:00', '0000-00-00 00:00:00', '0000-00-00 00:00:00', 22, 0, NULL, NULL, NULL, NULL, NULL, NULL, NULL, NULL, NULL, NULL, NULL, NULL, NULL, NULL),
(42, 13, 1, '2015-11-30 16:08:00', '2015-11-30 16:08:00', '0000-00-00 00:00:00', '0000-00-00 00:00:00', 22, 0, NULL, NULL, NULL, NULL, NULL, NULL, NULL, NULL, NULL, NULL, NULL, NULL, NULL, NULL),
(43, 13, 1, '2015-12-07 16:08:00', '2015-12-07 16:08:00', '0000-00-00 00:00:00', '0000-00-00 00:00:00', 22, 0, NULL, NULL, NULL, NULL, NULL, NULL, NULL, NULL, NULL, NULL, NULL, NULL, NULL, NULL),
(44, 13, 1, '2015-12-14 16:08:00', '2015-12-14 16:08:00', '0000-00-00 00:00:00', '0000-00-00 00:00:00', 22, 0, NULL, NULL, NULL, NULL, NULL, NULL, NULL, NULL, NULL, NULL, NULL, NULL, NULL, NULL),
(45, 13, 1, '2015-12-21 16:08:00', '2015-12-21 16:08:00', '0000-00-00 00:00:00', '0000-00-00 00:00:00', 22, 0, NULL, NULL, NULL, NULL, NULL, NULL, NULL, NULL, NULL, NULL, NULL, NULL, NULL, NULL),
(46, 13, 1, '2015-12-28 16:08:00', '2015-12-28 16:08:00', '0000-00-00 00:00:00', '0000-00-00 00:00:00', 22, 0, NULL, NULL, NULL, NULL, NULL, NULL, NULL, NULL, NULL, NULL, NULL, NULL, NULL, NULL),
(47, 13, 1, '2016-01-04 16:08:00', '2016-01-04 16:08:00', '0000-00-00 00:00:00', '0000-00-00 00:00:00', 22, 0, NULL, NULL, NULL, NULL, NULL, NULL, NULL, NULL, NULL, NULL, NULL, NULL, NULL, NULL),
(48, 13, 1, '2016-01-11 16:08:00', '2016-01-11 16:08:00', '0000-00-00 00:00:00', '0000-00-00 00:00:00', 22, 0, NULL, NULL, NULL, NULL, NULL, NULL, NULL, NULL, NULL, NULL, NULL, NULL, NULL, NULL),
(49, 13, 1, '2016-01-18 16:08:00', '2016-01-18 16:08:00', '0000-00-00 00:00:00', '0000-00-00 00:00:00', 22, 0, NULL, NULL, NULL, NULL, NULL, NULL, NULL, NULL, NULL, NULL, NULL, NULL, NULL, NULL),
(50, 13, 1, '2016-01-25 16:08:00', '2016-01-25 16:08:00', '0000-00-00 00:00:00', '0000-00-00 00:00:00', 22, 0, NULL, NULL, NULL, NULL, NULL, NULL, NULL, NULL, NULL, NULL, NULL, NULL, NULL, NULL),
(51, 13, 1, '2016-02-01 16:08:00', '2016-02-01 16:08:00', '0000-00-00 00:00:00', '0000-00-00 00:00:00', 22, 0, NULL, NULL, NULL, NULL, NULL, NULL, NULL, NULL, NULL, NULL, NULL, NULL, NULL, NULL),
(52, 13, 1, '2016-02-08 16:08:00', '2016-02-08 16:08:00', '0000-00-00 00:00:00', '0000-00-00 00:00:00', 22, 0, NULL, NULL, NULL, NULL, NULL, NULL, NULL, NULL, NULL, NULL, NULL, NULL, NULL, NULL),
(53, 13, 1, '2016-02-15 16:08:00', '2016-02-15 16:08:00', '0000-00-00 00:00:00', '0000-00-00 00:00:00', 22, 0, NULL, NULL, NULL, NULL, NULL, NULL, NULL, NULL, NULL, NULL, NULL, NULL, NULL, NULL),
(54, 13, 1, '2015-02-16 16:08:00', '2015-02-16 16:08:00', '0000-00-00 00:00:00', '0000-00-00 00:00:00', 22, 0, NULL, NULL, NULL, NULL, NULL, NULL, NULL, NULL, NULL, NULL, NULL, NULL, NULL, NULL),
(55, 13, 1, '2015-02-23 16:08:00', '2015-02-23 16:08:00', '0000-00-00 00:00:00', '0000-00-00 00:00:00', 22, 0, NULL, NULL, NULL, NULL, NULL, NULL, NULL, NULL, NULL, NULL, NULL, NULL, NULL, NULL),
(56, 13, 1, '2015-03-02 16:08:00', '2015-03-02 16:08:00', '0000-00-00 00:00:00', '0000-00-00 00:00:00', 22, 0, NULL, NULL, NULL, NULL, NULL, NULL, NULL, NULL, NULL, NULL, NULL, NULL, NULL, NULL),
(57, 13, 1, '2015-03-09 16:08:00', '2015-03-09 16:08:00', '0000-00-00 00:00:00', '0000-00-00 00:00:00', 22, 0, NULL, NULL, NULL, NULL, NULL, NULL, NULL, NULL, NULL, NULL, NULL, NULL, NULL, NULL),
(58, 13, 1, '2015-03-16 16:08:00', '2015-03-16 16:08:00', '0000-00-00 00:00:00', '0000-00-00 00:00:00', 22, 0, NULL, NULL, NULL, NULL, NULL, NULL, NULL, NULL, NULL, NULL, NULL, NULL, NULL, NULL),
(59, 13, 1, '2015-03-23 16:08:00', '2015-03-23 16:08:00', '0000-00-00 00:00:00', '0000-00-00 00:00:00', 22, 0, NULL, NULL, NULL, NULL, NULL, NULL, NULL, NULL, NULL, NULL, NULL, NULL, NULL, NULL),
(60, 13, 1, '2015-03-30 16:08:00', '2015-03-30 16:08:00', '0000-00-00 00:00:00', '0000-00-00 00:00:00', 22, 0, NULL, NULL, NULL, NULL, NULL, NULL, NULL, NULL, NULL, NULL, NULL, NULL, NULL, NULL),
(61, 13, 1, '2015-04-06 16:08:00', '2015-04-06 16:08:00', '0000-00-00 00:00:00', '0000-00-00 00:00:00', 22, 0, NULL, NULL, NULL, NULL, NULL, NULL, NULL, NULL, NULL, NULL, NULL, NULL, NULL, NULL),
(62, 13, 1, '2015-04-13 16:08:00', '2015-04-13 16:08:00', '0000-00-00 00:00:00', '0000-00-00 00:00:00', 22, 0, NULL, NULL, NULL, NULL, NULL, NULL, NULL, NULL, NULL, NULL, NULL, NULL, NULL, NULL),
(63, 13, 1, '2015-04-20 16:08:00', '2015-04-20 16:08:00', '0000-00-00 00:00:00', '0000-00-00 00:00:00', 22, 0, NULL, NULL, NULL, NULL, NULL, NULL, NULL, NULL, NULL, NULL, NULL, NULL, NULL, NULL),
(64, 13, 1, '2015-04-27 16:08:00', '2015-04-27 16:08:00', '0000-00-00 00:00:00', '0000-00-00 00:00:00', 22, 0, NULL, NULL, NULL, NULL, NULL, NULL, NULL, NULL, NULL, NULL, NULL, NULL, NULL, NULL),
(65, 13, 1, '2015-05-04 16:08:00', '2015-05-04 16:08:00', '0000-00-00 00:00:00', '0000-00-00 00:00:00', 22, 0, NULL, NULL, NULL, NULL, NULL, NULL, NULL, NULL, NULL, NULL, NULL, NULL, NULL, NULL),
(66, 13, 1, '2015-05-11 16:08:00', '2015-05-11 16:08:00', '0000-00-00 00:00:00', '0000-00-00 00:00:00', 22, 0, NULL, NULL, NULL, NULL, NULL, NULL, NULL, NULL, NULL, NULL, NULL, NULL, NULL, NULL),
(67, 13, 1, '2015-05-18 16:08:00', '2015-05-18 16:08:00', '0000-00-00 00:00:00', '0000-00-00 00:00:00', 22, 0, NULL, NULL, NULL, NULL, NULL, NULL, NULL, NULL, NULL, NULL, NULL, NULL, NULL, NULL),
(68, 13, 1, '2015-05-25 16:08:00', '2015-05-25 16:08:00', '0000-00-00 00:00:00', '0000-00-00 00:00:00', 22, 0, NULL, NULL, NULL, NULL, NULL, NULL, NULL, NULL, NULL, NULL, NULL, NULL, NULL, NULL),
(69, 13, 1, '2015-06-01 16:08:00', '2015-06-01 16:08:00', '0000-00-00 00:00:00', '0000-00-00 00:00:00', 22, 0, NULL, NULL, NULL, NULL, NULL, NULL, NULL, NULL, NULL, NULL, NULL, NULL, NULL, NULL),
(70, 13, 1, '2015-06-08 16:08:00', '2015-06-08 16:08:00', '0000-00-00 00:00:00', '0000-00-00 00:00:00', 22, 0, NULL, NULL, NULL, NULL, NULL, NULL, NULL, NULL, NULL, NULL, NULL, NULL, NULL, NULL),
(71, 13, 1, '2015-06-15 16:08:00', '2015-06-15 16:08:00', '0000-00-00 00:00:00', '0000-00-00 00:00:00', 22, 0, NULL, NULL, NULL, NULL, NULL, NULL, NULL, NULL, NULL, NULL, NULL, NULL, NULL, NULL),
(72, 13, 1, '2015-06-22 16:08:00', '2015-06-22 16:08:00', '0000-00-00 00:00:00', '0000-00-00 00:00:00', 22, 0, NULL, NULL, NULL, NULL, NULL, NULL, NULL, NULL, NULL, NULL, NULL, NULL, NULL, NULL),
(73, 13, 1, '2015-06-29 16:08:00', '2015-06-29 16:08:00', '0000-00-00 00:00:00', '0000-00-00 00:00:00', 22, 0, NULL, NULL, NULL, NULL, NULL, NULL, NULL, NULL, NULL, NULL, NULL, NULL, NULL, NULL),
(74, 13, 1, '2015-07-06 16:08:00', '2015-07-06 16:08:00', '0000-00-00 00:00:00', '0000-00-00 00:00:00', 22, 0, NULL, NULL, NULL, NULL, NULL, NULL, NULL, NULL, NULL, NULL, NULL, NULL, NULL, NULL),
(75, 13, 1, '2015-07-13 16:08:00', '2015-07-13 16:08:00', '0000-00-00 00:00:00', '0000-00-00 00:00:00', 22, 0, NULL, NULL, NULL, NULL, NULL, NULL, NULL, NULL, NULL, NULL, NULL, NULL, NULL, NULL),
(76, 13, 1, '2015-07-20 16:08:00', '2015-07-20 16:08:00', '0000-00-00 00:00:00', '0000-00-00 00:00:00', 22, 0, NULL, NULL, NULL, NULL, NULL, NULL, NULL, NULL, NULL, NULL, NULL, NULL, NULL, NULL),
(77, 13, 1, '2015-07-27 16:08:00', '2015-07-27 16:08:00', '0000-00-00 00:00:00', '0000-00-00 00:00:00', 22, 0, NULL, NULL, NULL, NULL, NULL, NULL, NULL, NULL, NULL, NULL, NULL, NULL, NULL, NULL),
(78, 13, 1, '2015-08-03 16:08:00', '2015-08-03 16:08:00', '0000-00-00 00:00:00', '0000-00-00 00:00:00', 22, 0, NULL, NULL, NULL, NULL, NULL, NULL, NULL, NULL, NULL, NULL, NULL, NULL, NULL, NULL),
(79, 13, 1, '2015-08-10 16:08:00', '2015-08-10 16:08:00', '0000-00-00 00:00:00', '0000-00-00 00:00:00', 22, 0, NULL, NULL, NULL, NULL, NULL, NULL, NULL, NULL, NULL, NULL, NULL, NULL, NULL, NULL),
(80, 13, 1, '2015-08-17 16:08:00', '2015-08-17 16:08:00', '0000-00-00 00:00:00', '0000-00-00 00:00:00', 22, 0, NULL, NULL, NULL, NULL, NULL, NULL, NULL, NULL, NULL, NULL, NULL, NULL, NULL, NULL),
(81, 13, 1, '2015-08-24 16:08:00', '2015-08-24 16:08:00', '0000-00-00 00:00:00', '0000-00-00 00:00:00', 22, 0, NULL, NULL, NULL, NULL, NULL, NULL, NULL, NULL, NULL, NULL, NULL, NULL, NULL, NULL),
(82, 13, 1, '2015-08-31 16:08:00', '2015-08-31 16:08:00', '0000-00-00 00:00:00', '0000-00-00 00:00:00', 22, 0, NULL, NULL, NULL, NULL, NULL, NULL, NULL, NULL, NULL, NULL, NULL, NULL, NULL, NULL),
(83, 13, 1, '2015-09-07 16:08:00', '2015-09-07 16:08:00', '0000-00-00 00:00:00', '0000-00-00 00:00:00', 22, 0, NULL, NULL, NULL, NULL, NULL, NULL, NULL, NULL, NULL, NULL, NULL, NULL, NULL, NULL),
(84, 13, 1, '2015-09-14 16:08:00', '2015-09-14 16:08:00', '0000-00-00 00:00:00', '0000-00-00 00:00:00', 22, 0, NULL, NULL, NULL, NULL, NULL, NULL, NULL, NULL, NULL, NULL, NULL, NULL, NULL, NULL),
(85, 13, 1, '2015-09-21 16:08:00', '2015-09-21 16:08:00', '0000-00-00 00:00:00', '0000-00-00 00:00:00', 22, 0, NULL, NULL, NULL, NULL, NULL, NULL, NULL, NULL, NULL, NULL, NULL, NULL, NULL, NULL),
(86, 13, 1, '2015-09-28 16:08:00', '2015-09-28 16:08:00', '0000-00-00 00:00:00', '0000-00-00 00:00:00', 22, 0, NULL, NULL, NULL, NULL, NULL, NULL, NULL, NULL, NULL, NULL, NULL, NULL, NULL, NULL),
(87, 13, 1, '2015-10-05 16:08:00', '2015-10-05 16:08:00', '0000-00-00 00:00:00', '0000-00-00 00:00:00', 22, 0, NULL, NULL, NULL, NULL, NULL, NULL, NULL, NULL, NULL, NULL, NULL, NULL, NULL, NULL),
(88, 13, 1, '2015-10-12 16:08:00', '2015-10-12 16:08:00', '0000-00-00 00:00:00', '0000-00-00 00:00:00', 22, 0, NULL, NULL, NULL, NULL, NULL, NULL, NULL, NULL, NULL, NULL, NULL, NULL, NULL, NULL),
(89, 13, 1, '2015-10-19 16:08:00', '2015-10-19 16:08:00', '0000-00-00 00:00:00', '0000-00-00 00:00:00', 22, 0, NULL, NULL, NULL, NULL, NULL, NULL, NULL, NULL, NULL, NULL, NULL, NULL, NULL, NULL),
(90, 13, 1, '2015-10-26 16:08:00', '2015-10-26 16:08:00', '0000-00-00 00:00:00', '0000-00-00 00:00:00', 22, 0, NULL, NULL, NULL, NULL, NULL, NULL, NULL, NULL, NULL, NULL, NULL, NULL, NULL, NULL),
(91, 13, 1, '2015-11-02 16:08:00', '2015-11-02 16:08:00', '0000-00-00 00:00:00', '0000-00-00 00:00:00', 22, 0, NULL, NULL, NULL, NULL, NULL, NULL, NULL, NULL, NULL, NULL, NULL, NULL, NULL, NULL),
(92, 13, 1, '2015-11-09 16:08:00', '2015-11-09 16:08:00', '0000-00-00 00:00:00', '0000-00-00 00:00:00', 22, 0, NULL, NULL, NULL, NULL, NULL, NULL, NULL, NULL, NULL, NULL, NULL, NULL, NULL, NULL),
(93, 13, 1, '2015-11-16 16:08:00', '2015-11-16 16:08:00', '0000-00-00 00:00:00', '0000-00-00 00:00:00', 22, 0, NULL, NULL, NULL, NULL, NULL, NULL, NULL, NULL, NULL, NULL, NULL, NULL, NULL, NULL),
(94, 13, 1, '2015-11-23 16:08:00', '2015-11-23 16:08:00', '0000-00-00 00:00:00', '0000-00-00 00:00:00', 22, 0, NULL, NULL, NULL, NULL, NULL, NULL, NULL, NULL, NULL, NULL, NULL, NULL, NULL, NULL),
(95, 13, 1, '2015-11-30 16:08:00', '2015-11-30 16:08:00', '0000-00-00 00:00:00', '0000-00-00 00:00:00', 22, 0, NULL, NULL, NULL, NULL, NULL, NULL, NULL, NULL, NULL, NULL, NULL, NULL, NULL, NULL),
(96, 13, 1, '2015-12-07 16:08:00', '2015-12-07 16:08:00', '0000-00-00 00:00:00', '0000-00-00 00:00:00', 22, 0, NULL, NULL, NULL, NULL, NULL, NULL, NULL, NULL, NULL, NULL, NULL, NULL, NULL, NULL),
(97, 13, 1, '2015-12-14 16:08:00', '2015-12-14 16:08:00', '0000-00-00 00:00:00', '0000-00-00 00:00:00', 22, 0, NULL, NULL, NULL, NULL, NULL, NULL, NULL, NULL, NULL, NULL, NULL, NULL, NULL, NULL),
(98, 13, 1, '2015-12-21 16:08:00', '2015-12-21 16:08:00', '0000-00-00 00:00:00', '0000-00-00 00:00:00', 22, 0, NULL, NULL, NULL, NULL, NULL, NULL, NULL, NULL, NULL, NULL, NULL, NULL, NULL, NULL),
(99, 13, 1, '2015-12-28 16:08:00', '2015-12-28 16:08:00', '0000-00-00 00:00:00', '0000-00-00 00:00:00', 22, 0, NULL, NULL, NULL, NULL, NULL, NULL, NULL, NULL, NULL, NULL, NULL, NULL, NULL, NULL),
(100, 13, 1, '2016-01-04 16:08:00', '2016-01-04 16:08:00', '0000-00-00 00:00:00', '0000-00-00 00:00:00', 22, 0, NULL, NULL, NULL, NULL, NULL, NULL, NULL, NULL, NULL, NULL, NULL, NULL, NULL, NULL),
(101, 13, 1, '2016-01-11 16:08:00', '2016-01-11 16:08:00', '0000-00-00 00:00:00', '0000-00-00 00:00:00', 22, 0, NULL, NULL, NULL, NULL, NULL, NULL, NULL, NULL, NULL, NULL, NULL, NULL, NULL, NULL),
(102, 13, 1, '2016-01-18 16:08:00', '2016-01-18 16:08:00', '0000-00-00 00:00:00', '0000-00-00 00:00:00', 22, 0, NULL, NULL, NULL, NULL, NULL, NULL, NULL, NULL, NULL, NULL, NULL, NULL, NULL, NULL),
(103, 13, 1, '2016-01-25 16:08:00', '2016-01-25 16:08:00', '0000-00-00 00:00:00', '0000-00-00 00:00:00', 22, 0, NULL, NULL, NULL, NULL, NULL, NULL, NULL, NULL, NULL, NULL, NULL, NULL, NULL, NULL),
(104, 13, 1, '2016-02-01 16:08:00', '2016-02-01 16:08:00', '0000-00-00 00:00:00', '0000-00-00 00:00:00', 22, 0, NULL, NULL, NULL, NULL, NULL, NULL, NULL, NULL, NULL, NULL, NULL, NULL, NULL, NULL),
(105, 13, 1, '2016-02-08 16:08:00', '2016-02-08 16:08:00', '0000-00-00 00:00:00', '0000-00-00 00:00:00', 22, 0, NULL, NULL, NULL, NULL, NULL, NULL, NULL, NULL, NULL, NULL, NULL, NULL, NULL, NULL),
(106, 13, 1, '2016-02-15 16:08:00', '2016-02-15 16:08:00', '0000-00-00 00:00:00', '0000-00-00 00:00:00', 22, 0, NULL, NULL, NULL, NULL, NULL, NULL, NULL, NULL, NULL, NULL, NULL, NULL, NULL, NULL),
(107, 13, 1, '2015-02-21 00:51:00', '2015-02-21 00:51:00', '0000-00-00 00:00:00', '0000-00-00 00:00:00', 22, 0, NULL, NULL, NULL, NULL, NULL, NULL, NULL, NULL, NULL, NULL, NULL, NULL, NULL, NULL),
(108, 13, 1, '2015-02-28 00:51:00', '2015-02-28 00:51:00', '0000-00-00 00:00:00', '0000-00-00 00:00:00', 22, 0, NULL, NULL, NULL, NULL, NULL, NULL, NULL, NULL, NULL, NULL, NULL, NULL, NULL, NULL),
(109, 13, 1, '2015-03-07 00:51:00', '2015-03-07 00:51:00', '0000-00-00 00:00:00', '0000-00-00 00:00:00', 22, 0, NULL, NULL, NULL, NULL, NULL, NULL, NULL, NULL, NULL, NULL, NULL, NULL, NULL, NULL),
(110, 13, 1, '2015-03-14 00:51:00', '2015-03-14 00:51:00', '0000-00-00 00:00:00', '0000-00-00 00:00:00', 22, 0, NULL, NULL, NULL, NULL, NULL, NULL, NULL, NULL, NULL, NULL, NULL, NULL, NULL, NULL),
(111, 13, 1, '2015-03-21 00:51:00', '2015-03-21 00:51:00', '0000-00-00 00:00:00', '0000-00-00 00:00:00', 22, 0, NULL, NULL, NULL, NULL, NULL, NULL, NULL, NULL, NULL, NULL, NULL, NULL, NULL, NULL),
(112, 13, 1, '2015-03-28 00:51:00', '2015-03-28 00:51:00', '0000-00-00 00:00:00', '0000-00-00 00:00:00', 22, 0, NULL, NULL, NULL, NULL, NULL, NULL, NULL, NULL, NULL, NULL, NULL, NULL, NULL, NULL),
(113, 13, 1, '2015-04-04 00:51:00', '2015-04-04 00:51:00', '0000-00-00 00:00:00', '0000-00-00 00:00:00', 22, 0, NULL, NULL, NULL, NULL, NULL, NULL, NULL, NULL, NULL, NULL, NULL, NULL, NULL, NULL),
(114, 13, 1, '2015-04-11 00:51:00', '2015-04-11 00:51:00', '0000-00-00 00:00:00', '0000-00-00 00:00:00', 22, 0, NULL, NULL, NULL, NULL, NULL, NULL, NULL, NULL, NULL, NULL, NULL, NULL, NULL, NULL),
(115, 13, 1, '2015-04-18 00:51:00', '2015-04-18 00:51:00', '0000-00-00 00:00:00', '0000-00-00 00:00:00', 22, 0, NULL, NULL, NULL, NULL, NULL, NULL, NULL, NULL, NULL, NULL, NULL, NULL, NULL, NULL),
(116, 13, 1, '2015-04-25 00:51:00', '2015-04-25 00:51:00', '0000-00-00 00:00:00', '0000-00-00 00:00:00', 22, 0, NULL, NULL, NULL, NULL, NULL, NULL, NULL, NULL, NULL, NULL, NULL, NULL, NULL, NULL),
(117, 13, 1, '2015-05-02 00:51:00', '2015-05-02 00:51:00', '0000-00-00 00:00:00', '0000-00-00 00:00:00', 22, 0, NULL, NULL, NULL, NULL, NULL, NULL, NULL, NULL, NULL, NULL, NULL, NULL, NULL, NULL),
(118, 13, 1, '2015-05-09 00:51:00', '2015-05-09 00:51:00', '0000-00-00 00:00:00', '0000-00-00 00:00:00', 22, 0, NULL, NULL, NULL, NULL, NULL, NULL, NULL, NULL, NULL, NULL, NULL, NULL, NULL, NULL),
(119, 13, 1, '2015-05-16 00:51:00', '2015-05-16 00:51:00', '0000-00-00 00:00:00', '0000-00-00 00:00:00', 22, 0, NULL, NULL, NULL, NULL, NULL, NULL, NULL, NULL, NULL, NULL, NULL, NULL, NULL, NULL),
(120, 13, 1, '2015-05-23 00:51:00', '2015-05-23 00:51:00', '0000-00-00 00:00:00', '0000-00-00 00:00:00', 22, 0, NULL, NULL, NULL, NULL, NULL, NULL, NULL, NULL, NULL, NULL, NULL, NULL, NULL, NULL),
(121, 13, 1, '2015-05-30 00:51:00', '2015-05-30 00:51:00', '0000-00-00 00:00:00', '0000-00-00 00:00:00', 22, 0, NULL, NULL, NULL, NULL, NULL, NULL, NULL, NULL, NULL, NULL, NULL, NULL, NULL, NULL),
(122, 13, 1, '2015-06-06 00:51:00', '2015-06-06 00:51:00', '0000-00-00 00:00:00', '0000-00-00 00:00:00', 22, 0, NULL, NULL, NULL, NULL, NULL, NULL, NULL, NULL, NULL, NULL, NULL, NULL, NULL, NULL),
(123, 13, 1, '2015-06-13 00:51:00', '2015-06-13 00:51:00', '0000-00-00 00:00:00', '0000-00-00 00:00:00', 22, 0, NULL, NULL, NULL, NULL, NULL, NULL, NULL, NULL, NULL, NULL, NULL, NULL, NULL, NULL),
(124, 13, 1, '2015-06-20 00:51:00', '2015-06-20 00:51:00', '0000-00-00 00:00:00', '0000-00-00 00:00:00', 22, 0, NULL, NULL, NULL, NULL, NULL, NULL, NULL, NULL, NULL, NULL, NULL, NULL, NULL, NULL),
(125, 13, 1, '2015-06-27 00:51:00', '2015-06-27 00:51:00', '0000-00-00 00:00:00', '0000-00-00 00:00:00', 22, 0, NULL, NULL, NULL, NULL, NULL, NULL, NULL, NULL, NULL, NULL, NULL, NULL, NULL, NULL),
(126, 13, 1, '2015-07-04 00:51:00', '2015-07-04 00:51:00', '0000-00-00 00:00:00', '0000-00-00 00:00:00', 22, 0, NULL, NULL, NULL, NULL, NULL, NULL, NULL, NULL, NULL, NULL, NULL, NULL, NULL, NULL),
(127, 13, 1, '2015-07-11 00:51:00', '2015-07-11 00:51:00', '0000-00-00 00:00:00', '0000-00-00 00:00:00', 22, 0, NULL, NULL, NULL, NULL, NULL, NULL, NULL, NULL, NULL, NULL, NULL, NULL, NULL, NULL),
(128, 13, 1, '2015-07-18 00:51:00', '2015-07-18 00:51:00', '0000-00-00 00:00:00', '0000-00-00 00:00:00', 22, 0, NULL, NULL, NULL, NULL, NULL, NULL, NULL, NULL, NULL, NULL, NULL, NULL, NULL, NULL),
(129, 13, 1, '2015-07-25 00:51:00', '2015-07-25 00:51:00', '0000-00-00 00:00:00', '0000-00-00 00:00:00', 22, 0, NULL, NULL, NULL, NULL, NULL, NULL, NULL, NULL, NULL, NULL, NULL, NULL, NULL, NULL),
(130, 13, 1, '2015-08-01 00:51:00', '2015-08-01 00:51:00', '0000-00-00 00:00:00', '0000-00-00 00:00:00', 22, 0, NULL, NULL, NULL, NULL, NULL, NULL, NULL, NULL, NULL, NULL, NULL, NULL, NULL, NULL),
(131, 13, 1, '2015-08-08 00:51:00', '2015-08-08 00:51:00', '0000-00-00 00:00:00', '0000-00-00 00:00:00', 22, 0, NULL, NULL, NULL, NULL, NULL, NULL, NULL, NULL, NULL, NULL, NULL, NULL, NULL, NULL),
(132, 13, 1, '2015-08-15 00:51:00', '2015-08-15 00:51:00', '0000-00-00 00:00:00', '0000-00-00 00:00:00', 22, 0, NULL, NULL, NULL, NULL, NULL, NULL, NULL, NULL, NULL, NULL, NULL, NULL, NULL, NULL),
(133, 13, 1, '2015-08-22 00:51:00', '2015-08-22 00:51:00', '0000-00-00 00:00:00', '0000-00-00 00:00:00', 22, 0, NULL, NULL, NULL, NULL, NULL, NULL, NULL, NULL, NULL, NULL, NULL, NULL, NULL, NULL),
(134, 13, 1, '2015-08-29 00:51:00', '2015-08-29 00:51:00', '0000-00-00 00:00:00', '0000-00-00 00:00:00', 22, 0, NULL, NULL, NULL, NULL, NULL, NULL, NULL, NULL, NULL, NULL, NULL, NULL, NULL, NULL),
(135, 13, 1, '2015-09-05 00:51:00', '2015-09-05 00:51:00', '0000-00-00 00:00:00', '0000-00-00 00:00:00', 22, 0, NULL, NULL, NULL, NULL, NULL, NULL, NULL, NULL, NULL, NULL, NULL, NULL, NULL, NULL),
(136, 13, 1, '2015-09-12 00:51:00', '2015-09-12 00:51:00', '0000-00-00 00:00:00', '0000-00-00 00:00:00', 22, 0, NULL, NULL, NULL, NULL, NULL, NULL, NULL, NULL, NULL, NULL, NULL, NULL, NULL, NULL),
(137, 13, 1, '2015-09-19 00:51:00', '2015-09-19 00:51:00', '0000-00-00 00:00:00', '0000-00-00 00:00:00', 22, 0, NULL, NULL, NULL, NULL, NULL, NULL, NULL, NULL, NULL, NULL, NULL, NULL, NULL, NULL),
(138, 13, 1, '2015-09-26 00:51:00', '2015-09-26 00:51:00', '0000-00-00 00:00:00', '0000-00-00 00:00:00', 22, 0, NULL, NULL, NULL, NULL, NULL, NULL, NULL, NULL, NULL, NULL, NULL, NULL, NULL, NULL),
(139, 13, 1, '2015-10-03 00:51:00', '2015-10-03 00:51:00', '0000-00-00 00:00:00', '0000-00-00 00:00:00', 22, 0, NULL, NULL, NULL, NULL, NULL, NULL, NULL, NULL, NULL, NULL, NULL, NULL, NULL, NULL),
(140, 13, 1, '2015-10-10 00:51:00', '2015-10-10 00:51:00', '0000-00-00 00:00:00', '0000-00-00 00:00:00', 22, 0, NULL, NULL, NULL, NULL, NULL, NULL, NULL, NULL, NULL, NULL, NULL, NULL, NULL, NULL),
(141, 13, 1, '2015-10-17 00:51:00', '2015-10-17 00:51:00', '0000-00-00 00:00:00', '0000-00-00 00:00:00', 22, 0, NULL, NULL, NULL, NULL, NULL, NULL, NULL, NULL, NULL, NULL, NULL, NULL, NULL, NULL),
(142, 13, 1, '2015-10-24 00:51:00', '2015-10-24 00:51:00', '0000-00-00 00:00:00', '0000-00-00 00:00:00', 22, 0, NULL, NULL, NULL, NULL, NULL, NULL, NULL, NULL, NULL, NULL, NULL, NULL, NULL, NULL),
(143, 13, 1, '2015-10-31 00:51:00', '2015-10-31 00:51:00', '0000-00-00 00:00:00', '0000-00-00 00:00:00', 22, 0, NULL, NULL, NULL, NULL, NULL, NULL, NULL, NULL, NULL, NULL, NULL, NULL, NULL, NULL),
(144, 13, 1, '2015-11-07 00:51:00', '2015-11-07 00:51:00', '0000-00-00 00:00:00', '0000-00-00 00:00:00', 22, 0, NULL, NULL, NULL, NULL, NULL, NULL, NULL, NULL, NULL, NULL, NULL, NULL, NULL, NULL),
(145, 13, 1, '2015-11-14 00:51:00', '2015-11-14 00:51:00', '0000-00-00 00:00:00', '0000-00-00 00:00:00', 22, 0, NULL, NULL, NULL, NULL, NULL, NULL, NULL, NULL, NULL, NULL, NULL, NULL, NULL, NULL),
(146, 13, 1, '2015-11-21 00:51:00', '2015-11-21 00:51:00', '0000-00-00 00:00:00', '0000-00-00 00:00:00', 22, 0, NULL, NULL, NULL, NULL, NULL, NULL, NULL, NULL, NULL, NULL, NULL, NULL, NULL, NULL),
(147, 13, 1, '2015-11-28 00:51:00', '2015-11-28 00:51:00', '0000-00-00 00:00:00', '0000-00-00 00:00:00', 22, 0, NULL, NULL, NULL, NULL, NULL, NULL, NULL, NULL, NULL, NULL, NULL, NULL, NULL, NULL),
(148, 13, 1, '2015-12-05 00:51:00', '2015-12-05 00:51:00', '0000-00-00 00:00:00', '0000-00-00 00:00:00', 22, 0, NULL, NULL, NULL, NULL, NULL, NULL, NULL, NULL, NULL, NULL, NULL, NULL, NULL, NULL),
(149, 13, 1, '2015-12-12 00:51:00', '2015-12-12 00:51:00', '0000-00-00 00:00:00', '0000-00-00 00:00:00', 22, 0, NULL, NULL, NULL, NULL, NULL, NULL, NULL, NULL, NULL, NULL, NULL, NULL, NULL, NULL),
(150, 13, 1, '2015-12-19 00:51:00', '2015-12-19 00:51:00', '0000-00-00 00:00:00', '0000-00-00 00:00:00', 22, 0, NULL, NULL, NULL, NULL, NULL, NULL, NULL, NULL, NULL, NULL, NULL, NULL, NULL, NULL),
(151, 13, 1, '2015-12-26 00:51:00', '2015-12-26 00:51:00', '0000-00-00 00:00:00', '0000-00-00 00:00:00', 22, 0, NULL, NULL, NULL, NULL, NULL, NULL, NULL, NULL, NULL, NULL, NULL, NULL, NULL, NULL),
(152, 13, 1, '2016-01-02 00:51:00', '2016-01-02 00:51:00', '0000-00-00 00:00:00', '0000-00-00 00:00:00', 22, 0, NULL, NULL, NULL, NULL, NULL, NULL, NULL, NULL, NULL, NULL, NULL, NULL, NULL, NULL),
(153, 13, 1, '2016-01-09 00:51:00', '2016-01-09 00:51:00', '0000-00-00 00:00:00', '0000-00-00 00:00:00', 22, 0, NULL, NULL, NULL, NULL, NULL, NULL, NULL, NULL, NULL, NULL, NULL, NULL, NULL, NULL),
(154, 13, 1, '2016-01-16 00:51:00', '2016-01-16 00:51:00', '0000-00-00 00:00:00', '0000-00-00 00:00:00', 22, 0, NULL, NULL, NULL, NULL, NULL, NULL, NULL, NULL, NULL, NULL, NULL, NULL, NULL, NULL),
(155, 13, 1, '2016-01-23 00:51:00', '2016-01-23 00:51:00', '0000-00-00 00:00:00', '0000-00-00 00:00:00', 22, 0, NULL, NULL, NULL, NULL, NULL, NULL, NULL, NULL, NULL, NULL, NULL, NULL, NULL, NULL),
(156, 13, 1, '2016-01-30 00:51:00', '2016-01-30 00:51:00', '0000-00-00 00:00:00', '0000-00-00 00:00:00', 22, 0, NULL, NULL, NULL, NULL, NULL, NULL, NULL, NULL, NULL, NULL, NULL, NULL, NULL, NULL),
(157, 13, 1, '2016-02-06 00:51:00', '2016-02-06 00:51:00', '0000-00-00 00:00:00', '0000-00-00 00:00:00', 22, 0, NULL, NULL, NULL, NULL, NULL, NULL, NULL, NULL, NULL, NULL, NULL, NULL, NULL, NULL),
(158, 13, 1, '2016-02-13 00:51:00', '2016-02-13 00:51:00', '0000-00-00 00:00:00', '0000-00-00 00:00:00', 22, 0, NULL, NULL, NULL, NULL, NULL, NULL, NULL, NULL, NULL, NULL, NULL, NULL, NULL, NULL);

-- --------------------------------------------------------

--
-- Table structure for table `lesson_request`
--

CREATE TABLE IF NOT EXISTS `lesson_request` (
  `id` int(11) NOT NULL AUTO_INCREMENT,
  `student_id` int(11) NOT NULL,
  `teacher_id` int(11) NOT NULL,
  `start_date` date DEFAULT NULL,
  `end_date` date DEFAULT NULL,
  `cost` double DEFAULT NULL,
  `currency_id` int(11) DEFAULT NULL,
  `notes` text,
  `status` int(11) NOT NULL DEFAULT '0',
  PRIMARY KEY (`id`),
  KEY `lessons_request_student_id` (`student_id`),
  KEY `lessons_request_teacher_id` (`teacher_id`)
) ENGINE=InnoDB  DEFAULT CHARSET=latin1 AUTO_INCREMENT=6 ;

--
-- Dumping data for table `lesson_request`
--

INSERT INTO `lesson_request` (`id`, `student_id`, `teacher_id`, `start_date`, `end_date`, `cost`, `currency_id`, `notes`, `status`) VALUES
(1, 9, 1, NULL, NULL, NULL, NULL, NULL, 0),
(2, 11, 1, NULL, NULL, NULL, NULL, NULL, 0),
(3, 13, 1, '2015-02-21', '2016-02-20', 22, 0, NULL, 1),
(4, 14, 1, NULL, NULL, NULL, NULL, NULL, 0),
(5, 16, 1, NULL, NULL, NULL, NULL, NULL, 0);

-- --------------------------------------------------------

--
-- Table structure for table `lesson_request_time_slot`
--

CREATE TABLE IF NOT EXISTS `lesson_request_time_slot` (
  `id` int(11) NOT NULL AUTO_INCREMENT,
  `lesson_request_id` int(11) NOT NULL,
  `day` int(1) NOT NULL,
  `from` time NOT NULL,
  `to` time NOT NULL,
  PRIMARY KEY (`id`),
  KEY `lesson_request_id` (`lesson_request_id`)
) ENGINE=InnoDB  DEFAULT CHARSET=latin1 AUTO_INCREMENT=6 ;

--
-- Dumping data for table `lesson_request_time_slot`
--

INSERT INTO `lesson_request_time_slot` (`id`, `lesson_request_id`, `day`, `from`, `to`) VALUES
(1, 3, 2, '18:08:43', '18:08:43'),
(2, 3, 2, '18:08:43', '18:08:43'),
(3, 3, 0, '02:51:06', '02:51:06'),
(4, 5, 2, '18:08:43', '18:08:43'),
(5, 5, 4, '02:51:06', '02:51:06');

-- --------------------------------------------------------

--
-- Table structure for table `student`
--

CREATE TABLE IF NOT EXISTS `student` (
  `id` int(11) NOT NULL AUTO_INCREMENT,
  `first_name` varchar(100) NOT NULL,
  `last_name` varchar(100) NOT NULL,
  `phone_no` varchar(100) NOT NULL,
  `email` varchar(100) NOT NULL,
  `skype_id` varchar(100) NOT NULL,
  `username` varchar(100) NOT NULL,
  `password` varchar(500) CHARACTER SET latin1 NOT NULL,
  `age` int(11) NOT NULL,
  `country` varchar(100) NOT NULL,
  `city` varchar(100) NOT NULL,
  `gender` tinyint(1) NOT NULL,
  `class_package` int(1) NOT NULL,
  `hear_us` varchar(100) NOT NULL,
  `image` varchar(100) NOT NULL,
  `quran_course` tinyint(1) DEFAULT '0',
  `arabic_course` tinyint(1) DEFAULT '0',
  `guardians_name` varchar(300) NOT NULL,
  `notes` text NOT NULL,
  PRIMARY KEY (`id`),
  UNIQUE KEY `email` (`email`,`username`)
) ENGINE=InnoDB  DEFAULT CHARSET=utf8 AUTO_INCREMENT=17 ;

--
-- Dumping data for table `student`
--

INSERT INTO `student` (`id`, `first_name`, `last_name`, `phone_no`, `email`, `skype_id`, `username`, `password`, `age`, `country`, `city`, `gender`, `class_package`, `hear_us`, `image`, `quran_course`, `arabic_course`, `guardians_name`, `notes`) VALUES
(1, 'Samir', 'Samir', '01112828609', 'mhmdsamir92@gmail.com', 'mohamedsamir92_10', 'mohamedsamir92_10', '0121286546', 22, 'egypt', 'cairo', 0, 1, 'Men shaker 3ady :D :v ', '20150116030102.jpg', 1, 1, 'Baba we mama :v', 'Enta ragel prince'),
(2, 'Test', 'Test', 'Test', 'Test', 'Test', 'Test', '0121286546', 12, 'Test', 'Test', 0, 1, 'Test', '20150116040108.jpg', 1, 1, 'Test', 'Test'),
(3, 'jfkdjfkd', 'fjkdjfk', 'jfkdjkf', 'jfkdjfkd', 'jfkdjfk', 'jfkdjfk', 'jfkdjfk', 22, 'jfkdjfk', 'jkfdjkfj', 0, 1, 'facebook', '20150124130154.jpg', 1, 1, 'jfkdfjk', 'jfkdjfkd'),
(8, 'Mohamed', 'Samirnew', '01112828609', 'mhmdsamir92@gmail.com', 'egypt', 'mohamedsamir', '$2a$13$dj5nkVRHGVjHHsTgkmGhjO/kGixcUzIKNPeRDeX2c6JGsxVS2w7ii', 24, 'egypt', 'cairo', 0, 1, 'facebook', '20150128180134.jpg', 1, 1, 'Baba We Mama', 'fdfdf'),
(9, 'New', 'Student', '01112828609', 'mhmdsamir91@gmail.com', 'mohamedsamir92_11', 'NewStudent', '$2a$13$lOrhMHjuDyHGc.H02dLMpe6GD.bdg01bZkPXSkGLPHT5LDivQS/kC', 22, 'egypt', 'cairo', 0, 2, 'facebook', '20150207010250.jpg', 1, 1, 'skjdsjdks', 'fklkld'),
(11, 'New', 'Student', '01112828609', 'mhmdsamir90@gmail.com', 'mohamedsamir92_11', 'NewStudent2', '$2a$13$bns7tIl35GCBaVwc9N/6JuOiRgGVz5Bru6ZVdRp6PAafxYsuBTwcq', 22, 'egypt', 'cairo', 0, 2, 'facebook', '20150207020256.jpg', 1, 1, 'skjdsjdks', 'fklkld'),
(13, 'New', 'Student', '01112828609', 'mhmdsamir89@gmail.com', 'mohamedsamir92_11', 'NewStudent3', '$2a$13$5KujvdpJwJcJuVK6TMOvTOhizlQ8bc/eYixBTZgkeO32/QY/p9L7W', 22, 'egypt', 'cairo', 0, 2, 'facebook', '20150207020247.jpg', 1, 1, 'skjdsjdks', 'fklkld'),
(14, 'Ahmed', 'Ahmed', '0111111111', 'ahmed@kdlskd1.com', 'ahmed', 'Ahmed', '$2a$13$IaDsGxLX6sa88c/QDRmIhetAtUQHvX0ut5Xlszumj20EFnQ1/dBVS', 22, 'egypt', 'cairo', 0, 2, 'facebook', '20150207020218.jpg', 1, 1, 'lkldkfldkl', 'fkdlkfdlkfl'),
(16, 'Ahmed', 'Ahmed', '0111111111', 'ahmed@kdlskd.com', 'ahmed', 'Ahmed', '$2a$13$pxuwEdjnNhT6ZkYgHxiWQuhFjP86xGAaRNAXv2oMJGTYOHPdlhz36', 22, 'egypt', 'cairo', 0, 2, 'facebook', '20150207030238.jpg', 1, 1, 'lkldkfldkl', 'fkdlkfdlkfl');

-- --------------------------------------------------------

--
-- Table structure for table `supervisor`
--

CREATE TABLE IF NOT EXISTS `supervisor` (
  `id` int(11) NOT NULL AUTO_INCREMENT,
  `first_name` varchar(100) NOT NULL,
  `last_name` varchar(100) NOT NULL,
  `phone_no` varchar(100) NOT NULL,
  `email` varchar(100) NOT NULL,
  `skype_id` varchar(100) NOT NULL,
  `username` varchar(100) NOT NULL,
  `password` varchar(40) CHARACTER SET latin1 NOT NULL,
  `age` int(11) NOT NULL,
  `country` varchar(100) NOT NULL,
  `city` varchar(100) NOT NULL,
  `gender` tinyint(1) NOT NULL,
  `image` varchar(100) NOT NULL,
  `quran_course` tinyint(1) NOT NULL,
  `arabic_course` tinyint(1) NOT NULL,
  `spoken_languages` varchar(200) NOT NULL,
  `experience` varchar(300) NOT NULL,
  `notes` text NOT NULL,
  PRIMARY KEY (`id`),
  UNIQUE KEY `email` (`email`,`username`)
) ENGINE=InnoDB DEFAULT CHARSET=utf8 AUTO_INCREMENT=1 ;

-- --------------------------------------------------------

--
-- Table structure for table `supervisor_time_slot`
--

CREATE TABLE IF NOT EXISTS `supervisor_time_slot` (
  `supervisor_id` int(11) NOT NULL,
  `day` int(1) NOT NULL,
  `from` time NOT NULL,
  `to` time NOT NULL,
  KEY `supervisor_id` (`supervisor_id`)
) ENGINE=InnoDB DEFAULT CHARSET=latin1;

-- --------------------------------------------------------

--
-- Table structure for table `teacher`
--

CREATE TABLE IF NOT EXISTS `teacher` (
  `id` int(11) NOT NULL AUTO_INCREMENT,
  `first_name` varchar(100) NOT NULL,
  `last_name` varchar(100) NOT NULL,
  `phone_no` varchar(100) NOT NULL,
  `email` varchar(100) NOT NULL,
  `skype_id` varchar(100) NOT NULL,
  `username` varchar(100) NOT NULL,
  `password` varchar(500) CHARACTER SET latin1 NOT NULL,
  `age` int(11) NOT NULL,
  `country` varchar(100) NOT NULL,
  `city` varchar(100) NOT NULL,
  `gender` tinyint(1) NOT NULL,
  `image` varchar(100) NOT NULL,
  `quran_course` tinyint(1) DEFAULT '0',
  `arabic_course` tinyint(1) DEFAULT '0',
  `notes` text NOT NULL,
  PRIMARY KEY (`id`),
  UNIQUE KEY `email` (`email`,`username`)
) ENGINE=InnoDB  DEFAULT CHARSET=utf8 AUTO_INCREMENT=3 ;

--
-- Dumping data for table `teacher`
--

INSERT INTO `teacher` (`id`, `first_name`, `last_name`, `phone_no`, `email`, `skype_id`, `username`, `password`, `age`, `country`, `city`, `gender`, `image`, `quran_course`, `arabic_course`, `notes`) VALUES
(1, 'Mohamed ', 'Samir', '01112828609', 'mohmed_samir_rabey@yahoo.com', 'moh', 'mohamed', '0121286546', 22, 'Egypt', 'cairo', 0, '20150124230135.jpg', 1, 1, 'fkdlfkdlf'),
(2, 'Mohamed', 'Samir', '01112828609', 'mhmdsamir92@gmail.com', 'Egypt', 'mohamedsamir', '$2a$13$E4TaHAWSKPOokHQGihEFL.e7fngRZX.gqIB1gjRl9KRo/0X2PtAeC', 24, 'Egypt', 'cairo', 0, '20150126230139.jpg', 1, 0, 'ana teacher gamed el senen ya wlad el teeet :P ');

-- --------------------------------------------------------

--
-- Table structure for table `teacher_time_slot`
--

CREATE TABLE IF NOT EXISTS `teacher_time_slot` (
  `teacher_id` int(11) NOT NULL,
  `day` int(1) NOT NULL,
  `from` time NOT NULL,
  `to` time NOT NULL,
  KEY `teacher_id` (`teacher_id`)
) ENGINE=InnoDB DEFAULT CHARSET=latin1;

--
-- Dumping data for table `teacher_time_slot`
--

INSERT INTO `teacher_time_slot` (`teacher_id`, `day`, `from`, `to`) VALUES
(2, 1, '17:21:11', '17:51:11'),
(1, 2, '18:08:43', '18:08:43'),
(1, 4, '02:51:06', '02:51:06');

-- --------------------------------------------------------

--
-- Table structure for table `test`
--

CREATE TABLE IF NOT EXISTS `test` (
  `date` timestamp NOT NULL DEFAULT CURRENT_TIMESTAMP ON UPDATE CURRENT_TIMESTAMP
) ENGINE=InnoDB DEFAULT CHARSET=latin1;

--
-- Dumping data for table `test`
--

INSERT INTO `test` (`date`) VALUES
('0000-00-00 00:00:00'),
('2015-02-16 15:12:13');

--
-- Constraints for dumped tables
--

--
-- Constraints for table `admin_time_slot`
--
ALTER TABLE `admin_time_slot`
  ADD CONSTRAINT `admin_time_slot_ibfk_1` FOREIGN KEY (`admin_id`) REFERENCES `admin` (`id`);

--
-- Constraints for table `lesson_request`
--
ALTER TABLE `lesson_request`
  ADD CONSTRAINT `lessons_request_student_id` FOREIGN KEY (`student_id`) REFERENCES `student` (`id`),
  ADD CONSTRAINT `lessons_request_teacher_id` FOREIGN KEY (`teacher_id`) REFERENCES `teacher` (`id`);

--
-- Constraints for table `lesson_request_time_slot`
--
ALTER TABLE `lesson_request_time_slot`
  ADD CONSTRAINT `lesson_request_time_slot_ibfk_1` FOREIGN KEY (`lesson_request_id`) REFERENCES `lesson_request` (`id`) ON DELETE CASCADE ON UPDATE CASCADE;

--
-- Constraints for table `supervisor_time_slot`
--
ALTER TABLE `supervisor_time_slot`
  ADD CONSTRAINT `supervisor_time_slot_ibfk_1` FOREIGN KEY (`supervisor_id`) REFERENCES `supervisor` (`id`);

--
-- Constraints for table `teacher_time_slot`
--
ALTER TABLE `teacher_time_slot`
  ADD CONSTRAINT `teacher_time_slot_ibfk_1` FOREIGN KEY (`teacher_id`) REFERENCES `teacher` (`id`);

/*!40101 SET CHARACTER_SET_CLIENT=@OLD_CHARACTER_SET_CLIENT */;
/*!40101 SET CHARACTER_SET_RESULTS=@OLD_CHARACTER_SET_RESULTS */;
/*!40101 SET COLLATION_CONNECTION=@OLD_COLLATION_CONNECTION */;
